Employee ID,Full Name,First Name,Middle Name,Last Name,Gender,Date of Birth,National ID,KRA PIN,SHA Number,NSSF Number,Phone Number,Email,Department,Position,Seniority Level,Hire Date,Basic Salary (KES),Bonus (KES),Gross Salary (KES),NSSF Deduction (KES),PAYE (KES),Net Salary (KES),Bank Name,Bank Account No,Leave Days Remaining,Employment Status,Title
EMP-001,Kevin Wairimu Njenga,Kevin,Wairimu,Njenga,Male,1981-12-21,13439167,A13439167B,SHA9963334018,8078673,0783140807,kevin.njenga54@company.co.ke,Sales,Sales Representative,Junior,2015-04-19,42000,1000,43000,2160,4635,36205,KCB Bank,4844398147930,46,Active,Mr.
EMP-002,Wanjiku Wanjiku Mbatha,Wanjiku,Wanjiku,Mbatha,Female,1998-08-18,15217026,A15217026C,SHA8574149614,2714803,0726753883,wanjiku.mbatha49@company.co.ke,ICT,IT Support,Junior,2024-01-19,46000,1000,47000,2160,5835,39005,I&M Bank,7314017318807,41,Active,Ms.
EMP-003,Njeri Mugo Kuria,Njeri,Mugo,Kuria,Female,1986-06-07,17646997,A17646997H,SHA8615270538,2338687,0799949389,njeri.kuria35@company.co.ke,Finance,Accountant,Junior,2019-02-03,49000,2000,51000,2160,7035,41805,Equity Bank,5889305412567,58,Active,Ms.
EMP-004,Peter Mohamed Mutuku,Peter,Mohamed,Mutuku,Male,1981-11-16,22732411,A22732411L,SHA1240251661,1538552,0763100814,peter.mutuku83@company.co.ke,Sales,Sales Representative,Junior,2021-05-12,41000,2000,43000,2160,4635,36205,I&M Bank,2165086075550,53,Active,Mr.
EMP-005,Winnie Musyoka Kyalo,Winnie,Musyoka,Kyalo,Female,1995-03-26,29580115,A29580115E,SHA7010379415,4679591,0766661351,winnie.kyalo77@company.co.ke,Procurement,Senior Procurement Officer,Mid-level,2016-03-25,79000,0,79000,2160,15435,61405,DTB Bank,2599847468511,59,Active,Mrs.
EMP-006,Stella Juma Ngugi,Stella,Juma,Ngugi,Female,1991-03-17,10385239,A10385239D,SHA8519962896,6707197,0724282218,stella.ngugi81@company.co.ke,Customer Service,Customer Service Manager,Manager,2023-02-05,119000,0,119000,2160,27435,89405,Absa Bank Kenya,3780711143066,55,Active,Mrs.
EMP-007,John Mugo Mbatha,John,Mugo,Mbatha,Male,1977-02-24,36126369,A36126369R,SHA4944899549,6438436,0775228535,john.mbatha9@company.co.ke,Human Resources,HR Specialist,Mid-level,2024-11-05,62000,0,62000,2160,10335,49505,KCB Bank,6410828897069,3,Probation,Mr.
EMP-008,James Hassan Macharia,James,Hassan,Macharia,Male,1989-09-15,39273995,A39273995T,SHA7900268326,4553384,0726240908,james.macharia32@company.co.ke,Human Resources,HR Officer,Junior,2022-04-15,47000,2000,49000,2160,6435,40405,NCBA Bank,6483440362214,52,Active,Mr.
EMP-009,Faith Omondi Kimani,Faith,Omondi,Kimani,Female,1993-08-08,31176301,A31176301B,SHA1252860896,2130789,0773481353,faith.kimani53@company.co.ke,Engineering,Software Engineer,Junior,2016-06-25,50000,1000,51000,2160,7035,41805,Standard Chartered Kenya,5897284939565,45,Active,Ms.
EMP-010,Elijah Njenga Adhiambo,Elijah,Njenga,Adhiambo,Male,1981-09-15,34463726,A34463726B,SHA9822598054,2651177,0728814949,elijah.adhiambo55@company.co.ke,ICT,Network Engineer,Mid-level,2017-10-15,80000,6000,86000,2160,17535,66305,I&M Bank,6968837227691,57,Active,Mr.
EMP-011,Sharon Odhiambo Muthoni,Sharon,Odhiambo,Muthoni,Female,1980-07-01,28139121,A28139121H,SHA4590711152,2564689,0762401521,sharon.muthoni34@company.co.ke,Engineering,QA Engineer,Specialist,2019-07-01,65000,1000,66000,2160,11535,52305,Co-operative Bank,9544435486842,62,Active,Ms.
EMP-012,Esther Simiyu Muthama,Esther,Simiyu,Muthama,Female,1980-01-17,17304829,A17304829Z,SHA5160575046,2022698,0720752378,esther.muthama24@company.co.ke,Human Resources,HR Officer,Junior,2024-07-24,53000,1000,54000,2160,7935,43905,Standard Chartered Kenya,1880713818667,5,Active,Mrs.
EMP-013,Francis Kinyanjui Kiprotich,Francis,Kinyanjui,Kiprotich,Male,1996-11-10,29948752,A29948752P,SHA9760623742,2375453,0771367643,francis.kiprotich41@company.co.ke,Procurement,Procurement Officer,Junior,2019-06-10,45000,1000,46000,2160,5535,38305,Stanbic Bank Kenya,4591712639586,59,Active,Mr.
EMP-014,Brian Juma Njeru,Brian,Juma,Njeru,Male,1980-08-27,12458221,A12458221J,SHA3309122187,9487336,0782909480,brian.njeru91@company.co.ke,Procurement,Head of Procurement,Senior Leader,2019-02-22,167000,29000,196000,2160,50535,143305,Co-operative Bank,7141516584510,54,Active,Mr.
EMP-015,Edwin Kariuki Koskei,Edwin,Kariuki,Koskei,Male,1983-01-03,39853804,A39853804K,SHA3376077463,5569244,0795132217,edwin.koskei55@company.co.ke,Human Resources,HR Officer,Junior,2020-09-01,55000,2000,57000,2160,8835,46005,Stanbic Bank Kenya,4579180417194,48,Active,Mr.
EMP-016,Brian Kimani Limo,Brian,Kimani,Limo,Male,2000-01-12,18789760,A18789760D,SHA8325785916,1162230,0738195995,brian.limo88@company.co.ke,Human Resources,HR Specialist,Mid-level,2018-06-16,68000,1000,69000,2160,12435,54405,Equity Bank,3605123258594,52,Active,Mr.
EMP-017,Bernard Omondi Koskei,Bernard,Omondi,Koskei,Male,1998-04-09,35148295,A35148295F,SHA4993808565,3726327,0731367172,bernard.koskei90@company.co.ke,ICT,CTO,Senior Leader,2019-08-14,235000,37000,272000,2160,73335,196505,I&M Bank,4152612451898,42,Active,Mr.
EMP-018,Emmanuel Mutua Waweru,Emmanuel,Mutua,Waweru,Male,1986-11-17,37532632,A37532632X,SHA1977515194,1397023,0763643924,emmanuel.waweru87@company.co.ke,Legal,Legal Officer,Junior,2023-09-03,43000,2000,45000,2160,5235,37605,NCBA Bank,6774147444176,34,Probation,Mr.
EMP-019,Faith Gitau Koskei,Faith,Gitau,Koskei,Female,1983-01-23,18907573,A18907573M,SHA1164313410,8290770,0768526649,faith.koskei1@company.co.ke,Human Resources,HR Specialist,Mid-level,2021-06-19,58000,2000,60000,2160,9735,48105,Standard Chartered Kenya,9997888778607,57,Active,Mrs.
EMP-020,Raymond Simiyu Njoroge,Raymond,Simiyu,Njoroge,Male,1979-04-14,32259589,A32259589S,SHA4642197907,6038571,0799245317,raymond.njoroge49@company.co.ke,Marketing,Content Creator,Mid-level,2018-04-26,65000,2000,67000,2160,11835,53005,Absa Bank Kenya,8184049602121,46,Active,Mr.
EMP-021,Edwin Kinyanjui Macharia,Edwin,Kinyanjui,Macharia,Male,1996-02-10,17052560,A17052560Q,SHA8106906538,8801207,0779182797,edwin.macharia85@company.co.ke,Engineering,Software Engineer,Junior,2023-12-05,51000,1000,52000,2160,7335,42505,Family Bank,4760998180894,37,Active,Mr.
EMP-022,Mercy Musyoka Mwenda,Mercy,Musyoka,Mwenda,Female,1997-12-13,14944378,A14944378R,SHA1104906255,5107776,0776354180,mercy.mwenda52@company.co.ke,Sales,Sales Manager,Manager,2021-06-15,116000,12000,128000,2160,30135,95705,Stanbic Bank Kenya,9010426801904,57,Active,Mrs.
EMP-023,Daniel Simiyu Kimani,Daniel,Simiyu,Kimani,Male,1992-10-11,33350924,A33350924T,SHA7519578899,1842524,0769401199,daniel.kimani79@company.co.ke,Human Resources,HR Manager,Manager,2022-06-27,98000,9000,107000,2160,23835,81005,NCBA Bank,9027815107446,47,Active,Mr.
EMP-024,Njeri Omondi Muthoni,Njeri,Omondi,Muthoni,Female,1985-06-18,35225443,A35225443R,SHA8033702319,9745959,0720814950,njeri.muthoni18@company.co.ke,Legal,Compliance Officer,Mid-level,2017-08-18,57000,3000,60000,2160,9735,48105,NCBA Bank,8736415487151,55,Active,Ms.
EMP-025,Rehema Chebet Makau,Rehema,Chebet,Makau,Female,1999-10-13,21102537,A21102537B,SHA7625464411,7975534,0774019136,rehema.makau1@company.co.ke,Finance,Senior Accountant,Mid-level,2021-07-20,67000,5000,72000,2160,13335,56505,NCBA Bank,8390920989454,63,On Leave,Ms.
EMP-026,Zawadi Kinuthia Lagat,Zawadi,Kinuthia,Lagat,Female,2000-07-24,28325159,A28325159H,SHA4856070374,9191131,0732151928,zawadi.lagat60@company.co.ke,Customer Service,Team Lead,Specialist,2022-07-02,50000,1000,51000,2160,7035,41805,Absa Bank Kenya,9544561853022,42,Active,Mrs.
EMP-027,Kelvin Kamau Kariuki,Kelvin,Kamau,Kariuki,Male,1983-07-09,25492029,A25492029N,SHA1780520225,5364698,0720993268,kelvin.kariuki61@company.co.ke,ICT,IT Support,Junior,2024-11-12,45000,1000,46000,2160,5535,38305,Standard Chartered Kenya,8998138179164,9,Active,Mr.
EMP-028,Bernard Mutua Musau,Bernard,Mutua,Musau,Male,1989-12-09,31869257,A31869257V,SHA2062073697,1341919,0759512272,bernard.musau22@company.co.ke,Finance,Finance Analyst,Specialist,2021-04-29,65000,3000,68000,2160,12135,53705,Co-operative Bank,3221522634754,57,Active,Mr.
EMP-029,Peter Waweru Gitau,Peter,Waweru,Gitau,Male,1994-02-26,20467548,A20467548C,SHA6906898409,4327421,0785958181,peter.gitau6@company.co.ke,Procurement,Procurement Officer,Junior,2018-05-20,38000,1000,39000,2160,3435,33405,Stanbic Bank Kenya,5271891477802,42,Active,Mr.
EMP-030,Lydia Mugo Njoroge,Lydia,Mugo,Njoroge,Female,1983-10-26,37592846,A37592846M,SHA3105400301,8273315,0782232344,lydia.njoroge62@company.co.ke,Engineering,DevOps Engineer,Manager,2020-11-07,117000,2000,119000,2160,27435,89405,Family Bank,3691687394808,43,Active,Mrs.
EMP-031,Beatrice Musyoka Kiptoo,Beatrice,Musyoka,Kiptoo,Female,1985-05-20,18182699,A18182699L,SHA8518238399,7358385,0747080140,beatrice.kiptoo72@company.co.ke,Operations,Operations Manager,Manager,2023-12-12,121000,3000,124000,2160,28935,92905,KCB Bank,4196851593446,34,Active,Ms.
EMP-032,Joseph Musyoka Mutuku,Joseph,Musyoka,Mutuku,Male,1993-06-16,35439784,A35439784A,SHA8352307139,8519121,0784285882,joseph.mutuku68@company.co.ke,ICT,Network Engineer,Mid-level,2018-06-08,67000,4000,71000,2160,13035,55805,Equity Bank,4896799069669,42,Active,Mr.
EMP-033,Doris Juma Kinuthia,Doris,Juma,Kinuthia,Female,1998-10-25,34202286,A34202286Z,SHA6122110529,3005795,0780415568,doris.kinuthia77@company.co.ke,Operations,Operations Officer,Junior,2020-06-06,41000,0,41000,2160,4035,34805,DTB Bank,4258549440264,55,Active,Mrs.
EMP-034,Michael Nyambura Kimani,Michael,Nyambura,Kimani,Male,1975-10-10,10474740,A10474740B,SHA5838636972,1763626,0773001391,michael.kimani62@company.co.ke,Marketing,Marketing Officer,Junior,2020-07-03,55000,2000,57000,2160,8835,46005,DTB Bank,3224552926053,60,Active,Mr.
EMP-035,Eric Muthoni Ngetich,Eric,Muthoni,Ngetich,Male,1978-09-25,12192561,A12192561U,SHA7015992643,2242892,0765857931,eric.ngetich78@company.co.ke,Legal,Legal Officer,Junior,2015-12-15,53000,3000,56000,2160,8535,45305,KCB Bank,3624876680403,56,Active,Mr.
EMP-036,Geoffrey Barasa Muthoni,Geoffrey,Barasa,Muthoni,Male,1975-07-15,24389141,A24389141G,SHA3667292043,2664863,0789699989,geoffrey.muthoni61@company.co.ke,Operations,Operations Manager,Manager,2015-11-04,105000,2000,107000,2160,23835,81005,NCBA Bank,3762012668852,58,Active,Mr.
EMP-037,Collins Nyambura Muthama,Collins,Nyambura,Muthama,Male,1977-01-06,17832403,A17832403P,SHA9263135031,4318855,0751286958,collins.muthama77@company.co.ke,Legal,Legal Officer,Junior,2017-12-24,55000,0,55000,2160,8235,44605,Equity Bank,4953708789941,59,Active,Mr.
EMP-038,Irene Gitau Nyambura,Irene,Gitau,Nyambura,Female,1993-01-25,26793059,A26793059C,SHA7614170462,8344375,0746173157,irene.nyambura74@company.co.ke,ICT,IT Manager,Manager,2022-07-24,95000,3000,98000,2160,21135,74705,Stanbic Bank Kenya,1452046888046,45,Active,Mrs.
EMP-039,Emmanuel Ali Musau,Emmanuel,Ali,Musau,Male,1985-07-23,16089765,A16089765R,SHA8792122716,2530793,0776500726,emmanuel.musau37@company.co.ke,Legal,Senior Counsel,Manager,2024-08-14,110000,9000,119000,2160,27435,89405,Standard Chartered Kenya,6864384200766,16,Active,Mr.
EMP-040,Njeri Omondi Mwangi,Njeri,Omondi,Mwangi,Female,1999-08-21,20847268,A20847268A,SHA8613035386,9633492,0769329732,njeri.mwangi98@company.co.ke,Finance,Accountant,Junior,2019-01-21,36000,0,36000,2160,2535,31305,DTB Bank,8269068838141,44,Active,Mrs.
EMP-041,Agnes Kiprotich Wekesa,Agnes,Kiprotich,Wekesa,Female,1979-08-23,31140039,A31140039T,SHA5975196341,1229419,0749172995,agnes.wekesa66@company.co.ke,Legal,Legal Officer,Junior,2016-04-26,38000,1000,39000,2160,3435,33405,I&M Bank,4951770242815,43,Active,Mrs.
EMP-042,Njeri Hassan Ndungu,Njeri,Hassan,Ndungu,Female,1996-08-28,22871010,A22871010L,SHA5594799319,7961578,0729944139,njeri.ndungu58@company.co.ke,Legal,Compliance Officer,Mid-level,2021-08-01,78000,2000,80000,2160,15735,62105,DTB Bank,5973583146473,45,Active,Ms.
EMP-043,Beatrice Omondi Mbatha,Beatrice,Omondi,Mbatha,Female,1987-11-26,39178990,A39178990H,SHA3995732958,7425184,0797512508,beatrice.mbatha20@company.co.ke,Legal,Senior Counsel,Manager,2024-02-06,137000,8000,145000,2160,35235,107605,I&M Bank,6596529850410,30,Active,Mrs.
EMP-044,James Omar Gacheru,James,Omar,Gacheru,Male,2000-05-11,39332961,A39332961S,SHA8924383984,2672884,0793652460,james.gacheru89@company.co.ke,Marketing,Marketing Manager,Manager,2015-11-03,131000,15000,146000,2160,35535,108305,Family Bank,8211869232782,48,Active,Mr.
EMP-045,Martin Mohamed Ogolla,Martin,Mohamed,Ogolla,Male,1989-03-23,39777500,A39777500V,SHA8556573246,1602286,0750193656,martin.ogolla4@company.co.ke,Marketing,Content Creator,Mid-level,2022-11-23,58000,4000,62000,2160,10335,49505,Equity Bank,8632545061277,60,Active,Mr.
EMP-046,Collins Njenga Omondi,Collins,Njenga,Omondi,Male,1979-04-15,27822984,A27822984C,SHA1773338452,3937176,0795618110,collins.omondi33@company.co.ke,ICT,IT Support,Junior,2020-07-31,54000,2000,56000,2160,8535,45305,Stanbic Bank Kenya,7729659013135,45,Active,Mr.
EMP-047,Isaac Nyambura Mwenda,Isaac,Nyambura,Mwenda,Male,1990-02-08,24821991,A24821991W,SHA9354723429,6018975,0761185849,isaac.mwenda74@company.co.ke,Customer Service,Customer Rep,Junior,2017-03-26,49000,2000,51000,2160,7035,41805,I&M Bank,5401011385071,51,Active,Mr.
EMP-048,Rehema Nyambura Otieno,Rehema,Nyambura,Otieno,Female,1976-05-26,39026845,A39026845H,SHA4431078106,6910964,0769166287,rehema.otieno5@company.co.ke,Operations,Operations Officer,Junior,2022-01-14,39000,1000,40000,2160,3735,34105,NCBA Bank,5409303152958,43,Active,Mrs.
EMP-049,Joseph Nyambura Barasa,Joseph,Nyambura,Barasa,Male,1996-12-22,14434546,A14434546K,SHA6001680218,9084065,0763339667,joseph.barasa72@company.co.ke,ICT,IT Support,Junior,2016-07-30,49000,2000,51000,2160,7035,41805,Standard Chartered Kenya,3026383748892,56,Active,Mr.
EMP-050,Faith Muthoni Mbugua,Faith,Muthoni,Mbugua,Female,1994-04-21,35132658,A35132658W,SHA8182649048,7392547,0718484847,faith.mbugua82@company.co.ke,Legal,Compliance Officer,Mid-level,2021-04-18,55000,3000,58000,2160,9135,46705,Standard Chartered Kenya,9294586106014,53,Active,Ms.
EMP-051,Naomi Wekesa Kiprotich,Naomi,Wekesa,Kiprotich,Female,1988-10-24,20212780,A20212780D,SHA9572442790,2948178,0730739712,naomi.kiprotich54@company.co.ke,Engineering,DevOps Engineer,Manager,2023-05-02,119000,5000,124000,2160,28935,92905,NCBA Bank,7833875640590,25,Active,Ms.
EMP-052,Stella Wekesa Kinuthia,Stella,Wekesa,Kinuthia,Female,1977-11-07,24921516,A24921516D,SHA5082603360,7084862,0796128115,stella.kinuthia82@company.co.ke,Marketing,Marketing Officer,Junior,2016-05-15,47000,1000,48000,2160,6135,39705,Standard Chartered Kenya,2066692381848,49,Active,Ms.
EMP-053,Eric Kimani Njenga,Eric,Kimani,Njenga,Male,2000-03-04,16885556,A16885556E,SHA4735313433,6512314,0798725654,eric.njenga4@company.co.ke,Human Resources,Recruitment Officer,Specialist,2021-01-21,54000,4000,58000,2160,9135,46705,Stanbic Bank Kenya,5874800059555,55,Active,Mr.
EMP-054,Wanjiku Musyoka Gacheru,Wanjiku,Musyoka,Gacheru,Female,1998-11-17,11758219,A11758219M,SHA5567946981,8520810,0750484137,wanjiku.gacheru59@company.co.ke,Engineering,Software Engineer,Junior,2021-11-24,49000,1000,50000,2160,6735,41105,DTB Bank,2918105190148,62,Active,Mrs.
EMP-055,Eric Hassan Lagat,Eric,Hassan,Lagat,Male,1993-09-23,13622597,A13622597C,SHA9202102595,2232969,0753645651,eric.lagat49@company.co.ke,ICT,Network Engineer,Mid-level,2022-01-01,57000,1000,58000,2160,9135,46705,Standard Chartered Kenya,3609657766229,43,Probation,Mr.
EMP-056,Irene Omar Muriuki,Irene,Omar,Muriuki,Female,1985-11-09,13839099,A13839099H,SHA6218484323,8575834,0760237832,irene.muriuki20@company.co.ke,Finance,Finance Analyst,Specialist,2018-07-04,63000,3000,66000,2160,11535,52305,I&M Bank,8015629357321,50,Active,Mrs.
EMP-057,Mercy Njoroge Kiptoo,Mercy,Njoroge,Kiptoo,Female,1998-01-10,34984259,A34984259T,SHA8468071953,3182975,0790585678,mercy.kiptoo40@company.co.ke,Finance,Senior Accountant,Mid-level,2023-06-01,66000,5000,71000,2160,13035,55805,KCB Bank,8224659971233,29,Active,Ms.
EMP-058,John Hassan Kimani,John,Hassan,Kimani,Male,1994-11-21,28665172,A28665172U,SHA2578662692,5673599,0784724345,john.kimani4@company.co.ke,Finance,Senior Accountant,Mid-level,2023-08-10,82000,4000,86000,2160,17535,66305,NCBA Bank,8549724528460,23,Active,Mr.
EMP-059,Faith Adhiambo Kinuthia,Faith,Adhiambo,Kinuthia,Female,1988-08-11,16086960,A16086960C,SHA4736031885,7724045,0731127115,faith.kinuthia48@company.co.ke,Marketing,Content Creator,Mid-level,2017-05-31,57000,3000,60000,2160,9735,48105,Co-operative Bank,1541044805550,51,Active,Mrs.
EMP-060,Zawadi Njoroge Koskei,Zawadi,Njoroge,Koskei,Female,1981-09-04,30731209,A30731209J,SHA9803662851,2368710,0756328316,zawadi.koskei56@company.co.ke,Human Resources,HR Officer,Junior,2019-08-24,50000,2000,52000,2160,7335,42505,Family Bank,8458906230905,55,Active,Ms.
EMP-061,Judith Waweru Mwangi,Judith,Waweru,Mwangi,Female,1998-07-06,11838177,A11838177G,SHA1033015788,6056977,0727339011,judith.mwangi49@company.co.ke,ICT,CTO,Senior Leader,2015-02-01,224000,15000,239000,2160,63435,173405,Co-operative Bank,5495817837679,48,Active,Ms.
EMP-062,Bernard Odhiambo Odundo,Bernard,Odhiambo,Odundo,Male,1987-01-11,25426792,A25426792U,SHA4956362540,6252285,0733068427,bernard.odundo80@company.co.ke,Engineering,Senior Software Engineer,Mid-level,2018-03-31,77000,4000,81000,2160,16035,62805,I&M Bank,8114928575066,60,Active,Mr.
EMP-063,Mercy Simiyu Lagat,Mercy,Simiyu,Lagat,Female,1978-09-17,23436866,A23436866K,SHA3250402001,7639863,0736025314,mercy.lagat45@company.co.ke,Sales,Senior Sales Rep,Mid-level,2020-09-21,79000,1000,80000,2160,15735,62105,Standard Chartered Kenya,6859287036494,43,Active,Ms.
EMP-064,Francis Kariuki Akinyi,Francis,Kariuki,Akinyi,Male,1990-08-21,30213155,A30213155Q,SHA1323639855,9289908,0750643870,francis.akinyi36@company.co.ke,Operations,Operations Officer,Junior,2019-12-07,55000,1000,56000,2160,8535,45305,Stanbic Bank Kenya,6684924033223,61,Active,Mr.
EMP-065,Judith Odhiambo Simiyu,Judith,Odhiambo,Simiyu,Female,1989-10-21,22372780,A22372780W,SHA8867077130,2287332,0735265073,judith.simiyu42@company.co.ke,Legal,Legal Officer,Junior,2023-11-18,49000,1000,50000,2160,6735,41105,Equity Bank,7762456363602,41,Active,Mrs.
EMP-066,Eric Barasa Gitau,Eric,Barasa,Gitau,Male,1986-05-13,12829616,A12829616Y,SHA1741134891,5156449,0764864099,eric.gitau44@company.co.ke,Marketing,Head of Marketing,Senior Leader,2016-10-12,284000,30000,314000,2160,85935,225905,Family Bank,8730902418078,52,Active,Mr.
EMP-067,Martin Odhiambo Juma,Martin,Odhiambo,Juma,Male,1979-10-23,22970942,A22970942L,SHA6515369278,3522845,0721370793,martin.juma40@company.co.ke,Finance,Senior Accountant,Mid-level,2022-06-05,85000,4000,89000,2160,18435,68405,Equity Bank,6456110934764,51,Active,Mr.
EMP-068,Njeri Kiprotich Kivuva,Njeri,Kiprotich,Kivuva,Female,1984-02-17,10611715,A10611715G,SHA6852312425,4024309,0782446804,njeri.kivuva95@company.co.ke,ICT,Network Engineer,Mid-level,2016-09-26,62000,5000,67000,2160,11835,53005,Standard Chartered Kenya,4377932812366,61,Active,Ms.
EMP-069,Martin Kiprotich Muriuki,Martin,Kiprotich,Muriuki,Male,1982-09-08,16068183,A16068183M,SHA2879792991,7893063,0751536077,martin.muriuki61@company.co.ke,ICT,IT Support,Junior,2023-05-25,54000,1000,55000,2160,8235,44605,NCBA Bank,8816709862769,28,Active,Mr.
EMP-070,Raymond Barasa Nyambura,Raymond,Barasa,Nyambura,Male,1978-12-28,26874748,A26874748G,SHA7560389844,3718884,0779244185,raymond.nyambura16@company.co.ke,Operations,Operations Analyst,Specialist,2019-03-01,70000,2000,72000,2160,13335,56505,Stanbic Bank Kenya,1915901789680,46,Active,Mr.
EMP-071,Victor Barasa Gitahi,Victor,Barasa,Gitahi,Male,1975-06-04,13077396,A13077396N,SHA5409514899,1893502,0797236246,victor.gitahi43@company.co.ke,Human Resources,HR Manager,Manager,2019-03-16,114000,14000,128000,2160,30135,95705,DTB Bank,5146249593009,56,Active,Mr.
EMP-072,Dennis Nyambura Kiptoo,Dennis,Nyambura,Kiptoo,Male,1991-07-04,14657109,A14657109C,SHA7309779967,1088100,0748668339,dennis.kiptoo31@company.co.ke,Legal,Legal Counsel,Specialist,2023-02-26,54000,2000,56000,2160,8535,45305,KCB Bank,4793555307267,44,Active,Mr.
EMP-073,Francis Wekesa Kitheka,Francis,Wekesa,Kitheka,Male,1982-10-14,13719773,A13719773U,SHA3302333490,9646569,0735140847,francis.kitheka86@company.co.ke,Procurement,Senior Procurement Officer,Mid-level,2021-11-23,64000,2000,66000,2160,11535,52305,NCBA Bank,3528526894450,52,Active,Mr.
EMP-074,Mercy Ali Mbugua,Mercy,Ali,Mbugua,Female,1999-10-24,11460772,A11460772J,SHA8025152555,7262974,0754629892,mercy.mbugua18@company.co.ke,ICT,IT Manager,Manager,2022-01-17,105000,9000,114000,2160,25935,85905,KCB Bank,7064783988039,60,Active,Ms.
EMP-075,Njeri Adhiambo Kiptoo,Njeri,Adhiambo,Kiptoo,Female,1984-09-13,37229343,A37229343B,SHA1579187439,8678589,0782884346,njeri.kiptoo61@company.co.ke,Legal,Compliance Officer,Mid-level,2015-06-21,80000,1000,81000,2160,16035,62805,Absa Bank Kenya,1769664972712,53,Active,Mrs.
EMP-076,Collins Njenga Ngetich,Collins,Njenga,Ngetich,Male,1997-08-12,21137544,A21137544P,SHA2173456409,7174337,0779696025,collins.ngetich35@company.co.ke,Engineering,DevOps Engineer,Manager,2017-02-04,114000,5000,119000,2160,27435,89405,I&M Bank,8738428582380,48,Active,Mr.
EMP-077,Mercy Simiyu Muriuki,Mercy,Simiyu,Muriuki,Female,1994-07-09,13442614,A13442614K,SHA5638860656,5960015,0795828117,mercy.muriuki8@company.co.ke,Customer Service,Customer Rep,Junior,2015-06-23,49000,1000,50000,2160,6735,41105,Family Bank,3930997850479,52,Active,Ms.
EMP-078,Doris Omar Koech,Doris,Omar,Koech,Female,1979-11-15,30386763,A30386763C,SHA2881937953,3117788,0759790013,doris.koech48@company.co.ke,Engineering,Software Engineer,Junior,2015-05-13,47000,2000,49000,2160,6435,40405,NCBA Bank,7371009868774,44,Active,Ms.
EMP-079,James Ali Omondi,James,Ali,Omondi,Male,1981-10-10,19351276,A19351276R,SHA1487258103,4121368,0775927774,james.omondi26@company.co.ke,ICT,IT Support,Junior,2022-11-23,43000,2000,45000,2160,5235,37605,DTB Bank,3072586602603,49,Active,Mr.
EMP-080,Moses Adhiambo Makau,Moses,Adhiambo,Makau,Male,2000-03-08,37196310,A37196310K,SHA9868845806,5871470,0776306502,moses.makau4@company.co.ke,Legal,Head of Legal,Senior Leader,2016-05-12,242000,25000,267000,2160,71835,193005,Co-operative Bank,4065050582792,57,Active,Mr.
EMP-081,Irene Omondi Cheruiyot,Irene,Omondi,Cheruiyot,Female,1996-09-12,34056299,A34056299P,SHA8382488970,9819709,0727224779,irene.cheruiyot71@company.co.ke,Finance,Accountant,Junior,2020-01-18,45000,1000,46000,2160,5535,38305,I&M Bank,3203634979750,49,Active,Ms.
EMP-082,James Simiyu Gitahi,James,Simiyu,Gitahi,Male,1983-04-21,27384622,A27384622F,SHA5952163720,3762487,0783932683,james.gitahi36@company.co.ke,Engineering,DevOps Engineer,Manager,2024-06-26,123000,13000,136000,2160,32535,101305,Standard Chartered Kenya,7086937045938,19,Active,Mr.
EMP-083,Stella Mohamed Kariuki,Stella,Mohamed,Kariuki,Female,1992-05-21,15173901,A15173901B,SHA4709911999,2362693,0750546385,stella.kariuki62@company.co.ke,Procurement,Head of Procurement,Manager,2020-08-01,129000,10000,139000,2160,33435,103405,Stanbic Bank Kenya,8329671517556,43,Active,Ms.
EMP-084,Esther Juma Njoroge,Esther,Juma,Njoroge,Female,1979-06-17,26248771,A26248771V,SHA2994763896,6707484,0785383550,esther.njoroge14@company.co.ke,Human Resources,HR Specialist,Mid-level,2018-11-15,78000,6000,84000,2160,16935,64905,Co-operative Bank,6616607600972,51,Active,Ms.
EMP-085,Joy Wairimu Muthoni,Joy,Wairimu,Muthoni,Female,1990-09-15,19737898,A19737898H,SHA9355364489,8015136,0776942394,joy.muthoni40@company.co.ke,Human Resources,HR Officer,Junior,2017-02-16,53000,2000,55000,2160,8235,44605,Co-operative Bank,6763045004679,58,Active,Ms.
EMP-086,Kelvin Omar Nyambura,Kelvin,Omar,Nyambura,Male,1979-05-24,21841194,A21841194R,SHA1208985103,5720376,0759093843,kelvin.nyambura98@company.co.ke,Sales,Sales Representative,Junior,2016-03-16,52000,0,52000,2160,7335,42505,Stanbic Bank Kenya,6027132891456,50,Active,Mr.
EMP-087,Kelvin Mwangi Kuria,Kelvin,Mwangi,Kuria,Male,1992-06-25,28563081,A28563081S,SHA2239534867,7481857,0729363237,kelvin.kuria26@company.co.ke,Customer Service,Customer Rep,Junior,2023-11-30,38000,1000,39000,2160,3435,33405,Family Bank,3263958054440,32,Active,Mr.
EMP-088,Judith Otieno Mwangi,Judith,Otieno,Mwangi,Female,1993-06-17,36976617,A36976617E,SHA2962750929,9648751,0778412668,judith.mwangi69@company.co.ke,Human Resources,Recruitment Officer,Specialist,2023-04-17,62000,4000,66000,2160,11535,52305,Standard Chartered Kenya,3857521327905,33,Active,Ms.
EMP-089,Tabitha Kamau Omondi,Tabitha,Kamau,Omondi,Female,1995-12-20,29585793,A29585793J,SHA3702653209,8962302,0761028283,tabitha.omondi19@company.co.ke,Finance,CFO,Senior Leader,2016-11-29,163000,19000,182000,2160,46335,133505,Stanbic Bank Kenya,5005390440711,47,Active,Mrs.
EMP-090,Dennis Gitau Waweru,Dennis,Gitau,Waweru,Male,1997-03-17,24051935,A24051935P,SHA5945359606,4420734,0737828932,dennis.waweru72@company.co.ke,Engineering,Senior Software Engineer,Mid-level,2023-02-27,82000,6000,88000,2160,18135,67705,DTB Bank,9297535455954,62,Active,Mr.
EMP-091,Judith Kinuthia Barasa,Judith,Kinuthia,Barasa,Female,1997-04-23,21486588,A21486588V,SHA7641192909,5435261,0775632882,judith.barasa41@company.co.ke,Legal,Senior Counsel,Manager,2018-05-04,125000,4000,129000,2160,30435,96405,Family Bank,5905911443664,54,Active,Ms.
EMP-092,Esther Gitau Kuria,Esther,Gitau,Kuria,Female,1981-04-27,35939734,A35939734B,SHA4455798713,5872986,0782286705,esther.kuria35@company.co.ke,ICT,IT Manager,Manager,2023-05-20,118000,9000,127000,2160,29835,95005,Absa Bank Kenya,7090603054563,27,Active,Mrs.
EMP-093,Winnie Kariuki Njeru,Winnie,Kariuki,Njeru,Female,1992-03-14,27818795,A27818795P,SHA2000025413,2681042,0797629787,winnie.njeru61@company.co.ke,Sales,Sales Representative,Junior,2016-07-17,38000,1000,39000,2160,3435,33405,Standard Chartered Kenya,9309547779865,63,Active,Ms.
EMP-094,Collins Gichuru Wekesa,Collins,Gichuru,Wekesa,Male,1975-05-19,13001803,A13001803F,SHA4957687327,8010946,0790904160,collins.wekesa14@company.co.ke,Engineering,DevOps Engineer,Manager,2018-03-31,137000,16000,153000,2160,37635,113205,KCB Bank,4279187704491,62,Active,Mr.
EMP-095,Esther Juma Musau,Esther,Juma,Musau,Female,1998-06-26,25704171,A25704171L,SHA2171826349,2889899,0749597485,esther.musau73@company.co.ke,Human Resources,HR Manager,Manager,2017-02-01,131000,4000,135000,2160,32235,100605,Co-operative Bank,9073383682374,63,Active,Mrs.
EMP-096,Paul Kinyanjui Bett,Paul,Kinyanjui,Bett,Male,1999-05-11,12910436,A12910436R,SHA1409675904,3359075,0750526484,paul.bett75@company.co.ke,ICT,Network Engineer,Mid-level,2017-08-22,55000,1000,56000,2160,8535,45305,Standard Chartered Kenya,5367706112182,49,Active,Mr.
EMP-097,Alex Mugo Muthama,Alex,Mugo,Muthama,Male,1994-04-08,13966967,A13966967N,SHA7293823553,3679603,0727927298,alex.muthama62@company.co.ke,Sales,Sales Representative,Junior,2018-04-23,38000,1000,39000,2160,3435,33405,DTB Bank,6470799809944,52,Active,Mr.
EMP-098,Vivian Omondi Ndungu,Vivian,Omondi,Ndungu,Female,1993-09-05,29992215,A29992215S,SHA9941564880,8495187,0732083803,vivian.ndungu42@company.co.ke,Sales,Sales Executive,Specialist,2020-09-01,51000,3000,54000,2160,7935,43905,Standard Chartered Kenya,2973813075084,57,Active,Ms.
EMP-099,Joy Ndungu Makau,Joy,Ndungu,Makau,Female,2000-05-24,24947918,A24947918E,SHA4473306055,8607331,0712921981,joy.makau51@company.co.ke,Finance,Finance Manager,Manager,2020-03-08,126000,1000,127000,2160,29835,95005,DTB Bank,9037668045774,42,Active,Mrs.
EMP-100,George Odhiambo Mwangi,George,Odhiambo,Mwangi,Male,1988-06-13,12139427,A12139427B,SHA4840638976,8920040,0770201634,george.mwangi49@company.co.ke,ICT,IT Support,Junior,2023-03-07,39000,1000,40000,2160,3735,34105,Absa Bank Kenya,4167146967274,43,Active,Mr.
EMP-101,Bernard Gitau Musyoka,Bernard,Gitau,Musyoka,Male,1981-12-25,14273059,A14273059T,SHA6576426590,8115687,0725145751,bernard.musyoka5@company.co.ke,Customer Service,Senior Customer Rep,Mid-level,2016-09-27,62000,2000,64000,2160,10935,50905,I&M Bank,5040805564411,55,Active,Mr.
EMP-102,Stella Kamau Njenga,Stella,Kamau,Njenga,Female,1979-09-10,11126632,A11126632Z,SHA4746123831,5105957,0741428626,stella.njenga94@company.co.ke,Finance,Accountant,Junior,2023-06-17,42000,1000,43000,2160,4635,36205,KCB Bank,8719783947424,41,Active,Ms.
EMP-103,Sharon Waweru Koskei,Sharon,Waweru,Koskei,Female,1987-09-11,20083138,A20083138W,SHA2181777110,3938247,0765878146,sharon.koskei53@company.co.ke,Customer Service,Customer Rep,Junior,2022-03-20,36000,2000,38000,2160,3135,32705,I&M Bank,9721170971317,42,Active,Ms.
EMP-104,Aisha Mohamed Ndungu,Aisha,Mohamed,Ndungu,Female,1995-02-15,33742337,A33742337P,SHA9837427517,7923579,0759805178,aisha.ndungu12@company.co.ke,Sales,Sales Representative,Junior,2017-04-12,47000,1000,48000,2160,6135,39705,DTB Bank,3360213343014,53,Active,Ms.
EMP-105,Eric Wairimu Ogolla,Eric,Wairimu,Ogolla,Male,1998-02-24,39313838,A39313838R,SHA1312606333,4640933,0774279671,eric.ogolla32@company.co.ke,Procurement,Senior Procurement Officer,Mid-level,2017-05-17,85000,6000,91000,2160,19035,69805,NCBA Bank,6331484485157,57,Active,Mr.
EMP-106,Kelvin Musyoka Macharia,Kelvin,Musyoka,Macharia,Male,1999-06-07,22772888,A22772888J,SHA8081204252,6174467,0759755172,kelvin.macharia41@company.co.ke,Marketing,Digital Marketer,Specialist,2023-02-07,53000,3000,56000,2160,8535,45305,Standard Chartered Kenya,9196933390476,48,Active,Mr.
EMP-107,John Kamau Mugo,John,Kamau,Mugo,Male,1992-11-22,29432811,A29432811E,SHA8387395021,5952504,0755307111,john.mugo33@company.co.ke,Customer Service,Customer Service Manager,Manager,2017-10-03,114000,8000,122000,2160,28335,91505,NCBA Bank,5047275953453,48,Active,Mr.
EMP-108,Fatuma Abdi Nyambura,Fatuma,Abdi,Nyambura,Female,1999-01-14,34169711,A34169711T,SHA7642365889,4087809,0728453800,fatuma.nyambura81@company.co.ke,Marketing,Marketing Officer,Junior,2022-06-30,37000,2000,39000,2160,3435,33405,KCB Bank,1594955810989,62,Active,Ms.
EMP-109,Brian Ndungu Gitahi,Brian,Ndungu,Gitahi,Male,1984-01-17,30731110,A30731110A,SHA9215204939,9184838,0767790557,brian.gitahi23@company.co.ke,Legal,Compliance Officer,Mid-level,2018-01-30,55000,2000,57000,2160,8835,46005,KCB Bank,1207925115648,46,Active,Mr.
EMP-110,John Musyoka Waweru,John,Musyoka,Waweru,Male,1984-11-27,37354055,A37354055C,SHA6817280229,7658817,0720820219,john.waweru84@company.co.ke,Procurement,Senior Procurement Officer,Mid-level,2022-10-26,69000,3000,72000,2160,13335,56505,Standard Chartered Kenya,8146650765908,56,Probation,Mr.
EMP-111,Joseph Kinyanjui Ogolla,Joseph,Kinyanjui,Ogolla,Male,1991-01-08,11882904,A11882904C,SHA3734812163,3875339,0738375916,joseph.ogolla89@company.co.ke,ICT,Network Engineer,Mid-level,2021-05-06,75000,5000,80000,2160,15735,62105,Family Bank,8635787548811,60,Active,Mr.
EMP-112,Caroline Otieno Njoroge,Caroline,Otieno,Njoroge,Female,1982-10-27,11104000,A11104000G,SHA8947526020,1262699,0762231715,caroline.njoroge87@company.co.ke,Customer Service,Senior Customer Rep,Mid-level,2016-10-27,84000,1000,85000,2160,17235,65605,Stanbic Bank Kenya,8008617408691,45,Active,Mrs.
EMP-113,Lilian Kiprotich Ruto,Lilian,Kiprotich,Ruto,Female,1990-04-12,21605119,A21605119H,SHA1230624431,8333124,0784227466,lilian.ruto49@company.co.ke,Customer Service,Team Lead,Specialist,2023-10-15,50000,2000,52000,2160,7335,42505,Equity Bank,6741398700521,28,Active,Ms.
EMP-114,Mercy Nyambura Koech,Mercy,Nyambura,Koech,Female,1977-03-14,15174796,A15174796D,SHA6968380957,7051545,0770242778,mercy.koech72@company.co.ke,Finance,Accountant,Junior,2016-02-23,46000,2000,48000,2160,6135,39705,Equity Bank,8822459444664,59,Active,Ms.
EMP-115,Joy Kamau Kariuki,Joy,Kamau,Kariuki,Female,1993-09-06,30067019,A30067019A,SHA8664105957,7463219,0761100987,joy.kariuki22@company.co.ke,Customer Service,Customer Rep,Junior,2021-04-10,37000,1000,38000,2160,3135,32705,Absa Bank Kenya,7822185366755,56,Active,Mrs.
EMP-116,Caroline Abdi Akinyi,Caroline,Abdi,Akinyi,Female,1981-08-04,24129849,A24129849M,SHA6582393412,2290526,0728185096,caroline.akinyi39@company.co.ke,Human Resources,HR Specialist,Mid-level,2021-08-29,78000,4000,82000,2160,16335,63505,Absa Bank Kenya,5341972372837,44,Active,Ms.
EMP-117,Beatrice Kinuthia Koech,Beatrice,Kinuthia,Koech,Female,1984-12-23,37362816,A37362816L,SHA3552898167,6040467,0794946730,beatrice.koech63@company.co.ke,Legal,Legal Officer,Junior,2019-06-20,45000,0,45000,2160,5235,37605,Stanbic Bank Kenya,9427588485323,53,Probation,Mrs.
EMP-118,Leonard Kinuthia Kinuthia,Leonard,Kinuthia,Kinuthia,Male,1982-05-22,28919683,A28919683Q,SHA8418324922,4517316,0730688754,leonard.kinuthia92@company.co.ke,ICT,Network Engineer,Mid-level,2022-02-07,76000,3000,79000,2160,15435,61405,Absa Bank Kenya,8197484915762,54,Active,Mr.
EMP-119,Mercy Barasa Muriuki,Mercy,Barasa,Muriuki,Female,1996-11-13,26999099,A26999099D,SHA9454334062,2425760,0754506155,mercy.muriuki56@company.co.ke,Procurement,Senior Procurement Officer,Mid-level,2021-04-25,75000,4000,79000,2160,15435,61405,NCBA Bank,3926397479853,43,Active,Mrs.
EMP-120,Alex Mutua Gitahi,Alex,Mutua,Gitahi,Male,1978-05-14,33074188,A33074188M,SHA3470617247,8478923,0721523236,alex.gitahi15@company.co.ke,Customer Service,Senior Customer Rep,Mid-level,2015-04-11,59000,2000,61000,2160,10035,48805,I&M Bank,9803353395148,48,Active,Mr.
EMP-121,Bernard Waweru Juma,Bernard,Waweru,Juma,Male,1975-06-21,27485712,A27485712D,SHA7369118672,8988681,0724678410,bernard.juma87@company.co.ke,Legal,Legal Counsel,Specialist,2024-02-01,52000,1000,53000,2160,7635,43205,Family Bank,6611170534487,39,Active,Mr.
EMP-122,Paul Omondi Mutua,Paul,Omondi,Mutua,Male,1997-04-07,25503964,A25503964N,SHA1792214339,8250013,0747358810,paul.mutua97@company.co.ke,Marketing,Content Creator,Mid-level,2019-05-12,69000,3000,72000,2160,13335,56505,KCB Bank,4474126449532,63,Active,Mr.
EMP-123,Daniel Mohamed Musyoka,Daniel,Mohamed,Musyoka,Male,1986-08-20,25352844,A25352844S,SHA5784400161,9212178,0733156250,daniel.musyoka87@company.co.ke,Marketing,Marketing Officer,Junior,2016-04-12,54000,1000,55000,2160,8235,44605,Standard Chartered Kenya,7835856938123,52,Active,Mr.
EMP-124,Nduta Njoroge Mwenda,Nduta,Njoroge,Mwenda,Female,1988-03-16,20246852,A20246852Y,SHA1502291736,7263036,0795295586,nduta.mwenda69@company.co.ke,Marketing,Marketing Officer,Junior,2021-06-12,48000,1000,49000,2160,6435,40405,Co-operative Bank,7835486944033,51,Active,Ms.
EMP-125,Peter Abdi Wekesa,Peter,Abdi,Wekesa,Male,1990-03-03,38252335,A38252335G,SHA5336127859,3290672,0785886408,peter.wekesa4@company.co.ke,Human Resources,HR Officer,Junior,2024-06-02,50000,1000,51000,2160,7035,41805,I&M Bank,8196196100126,7,Active,Mr.
EMP-126,Collins Otieno Kinuthia,Collins,Otieno,Kinuthia,Male,1999-01-25,15644156,A15644156T,SHA8648220906,9309978,0769239219,collins.kinuthia70@company.co.ke,Sales,Senior Sales Rep,Mid-level,2019-02-11,79000,3000,82000,2160,16335,63505,DTB Bank,5712069637540,46,Active,Mr.
EMP-127,Joy Musyoka Simiyu,Joy,Musyoka,Simiyu,Female,1979-04-27,38930618,A38930618D,SHA4507822591,8366370,0737775381,joy.simiyu8@company.co.ke,Legal,Legal Officer,Junior,2016-11-10,54000,2000,56000,2160,8535,45305,NCBA Bank,7170532843276,44,Active,Ms.
EMP-128,Stella Mohamed Mutua,Stella,Mohamed,Mutua,Female,1982-03-23,18970544,A18970544P,SHA4501175349,3274804,0753231088,stella.mutua32@company.co.ke,Operations,Operations Officer,Junior,2024-09-17,55000,0,55000,2160,8235,44605,KCB Bank,5879050576845,17,Active,Mrs.
EMP-129,Tabitha Chebet Kuria,Tabitha,Chebet,Kuria,Female,1975-12-03,12533905,A12533905Z,SHA5694806361,9650558,0771532017,tabitha.kuria82@company.co.ke,ICT,Network Engineer,Mid-level,2018-09-02,69000,5000,74000,2160,13935,57905,Absa Bank Kenya,7493463633627,45,Active,Mrs.
EMP-130,Wangari Odhiambo Ruto,Wangari,Odhiambo,Ruto,Female,1996-01-02,37677294,A37677294L,SHA6204862411,5505300,0723364695,wangari.ruto81@company.co.ke,Sales,Head of Sales,Senior Leader,2023-11-03,294000,50000,344000,2160,94935,246905,Absa Bank Kenya,3295994742166,32,Active,Mrs.
EMP-131,Faith Gitau Lagat,Faith,Gitau,Lagat,Female,1980-01-13,24354562,A24354562J,SHA8086684009,3667199,0793967184,faith.lagat40@company.co.ke,Legal,Compliance Officer,Mid-level,2022-06-14,63000,0,63000,2160,10635,50205,Equity Bank,7342183162808,43,Active,Ms.
EMP-132,Elijah Njoroge Makau,Elijah,Njoroge,Makau,Male,1997-03-16,25998978,A25998978S,SHA1334744286,4794852,0719506414,elijah.makau30@company.co.ke,Finance,Accountant,Junior,2024-08-24,45000,2000,47000,2160,5835,39005,Family Bank,1141773807907,8,Active,Mr.
EMP-133,Daniel Gichuru Omondi,Daniel,Gichuru,Omondi,Male,1998-04-21,35953027,A35953027C,SHA4755937285,3396676,0730317091,daniel.omondi53@company.co.ke,Operations,Operations Officer,Junior,2019-12-08,54000,2000,56000,2160,8535,45305,DTB Bank,1148448205413,52,Active,Mr.
EMP-134,Wangari Ndungu Kariuki,Wangari,Ndungu,Kariuki,Female,1992-10-20,29782817,A29782817P,SHA8430332727,6897789,0791549765,wangari.kariuki37@company.co.ke,Human Resources,Recruitment Officer,Specialist,2015-12-12,57000,1000,58000,2160,9135,46705,Standard Chartered Kenya,3460118941699,56,Active,Ms.
EMP-135,Edwin Ndungu Ngugi,Edwin,Ndungu,Ngugi,Male,1991-01-12,35093468,A35093468H,SHA6977525103,1915518,0752476240,edwin.ngugi17@company.co.ke,Procurement,Senior Procurement Officer,Mid-level,2021-08-29,62000,2000,64000,2160,10935,50905,Family Bank,2981637289394,61,Active,Mr.
EMP-136,Doris Mohamed Mwenda,Doris,Mohamed,Mwenda,Female,1984-11-23,35849228,A35849228A,SHA1313497572,2133008,0777249653,doris.mwenda99@company.co.ke,Legal,Head of Legal,Senior Leader,2019-06-19,165000,31000,196000,2160,50535,143305,Absa Bank Kenya,1701006278136,47,Active,Ms.
EMP-137,Mercy Mohamed Mbugua,Mercy,Mohamed,Mbugua,Female,1976-04-03,12651523,A12651523L,SHA4470591645,9999133,0768315400,mercy.mbugua15@company.co.ke,Operations,Operations Officer,Junior,2023-03-09,44000,2000,46000,2160,5535,38305,I&M Bank,2162403497782,56,Active,Ms.
EMP-138,Edwin Adhiambo Kiprotich,Edwin,Adhiambo,Kiprotich,Male,1998-02-25,33538421,A33538421M,SHA1048750473,9328426,0713940129,edwin.kiprotich43@company.co.ke,Engineering,QA Engineer,Specialist,2023-10-05,61000,1000,62000,2160,10335,49505,DTB Bank,3934576120409,34,Active,Mr.
EMP-139,Judith Odhiambo Mugo,Judith,Odhiambo,Mugo,Female,1975-04-02,22083752,A22083752M,SHA5533076460,3799805,0773319171,judith.mugo47@company.co.ke,Legal,Compliance Officer,Mid-level,2015-01-11,62000,4000,66000,2160,11535,52305,Co-operative Bank,3030328873203,62,Active,Ms.
EMP-140,Paul Otieno Macharia,Paul,Otieno,Macharia,Male,1982-09-02,18330330,A18330330C,SHA8388580360,5550953,0763811222,paul.macharia9@company.co.ke,ICT,IT Support,Junior,2015-08-04,51000,2000,53000,2160,7635,43205,Stanbic Bank Kenya,3101840206629,58,Active,Mr.
EMP-141,Zawadi Waweru Barasa,Zawadi,Waweru,Barasa,Female,1998-09-25,22378879,A22378879Z,SHA6156843353,6098752,0742900372,zawadi.barasa20@company.co.ke,Customer Service,Senior Customer Rep,Mid-level,2020-07-13,66000,3000,69000,2160,12435,54405,Stanbic Bank Kenya,9161479752733,57,Active,Ms.
EMP-142,Faith Mutua Mbugua,Faith,Mutua,Mbugua,Female,1977-01-08,10049057,A10049057S,SHA2320748157,4442590,0779760901,faith.mbugua53@company.co.ke,Engineering,Engineering Manager,Senior Leader,2016-08-06,165000,32000,197000,2160,50835,144005,NCBA Bank,9656162196737,55,Active,Mrs.
EMP-143,Irene Njoroge Gacheru,Irene,Njoroge,Gacheru,Female,1997-12-11,37513389,A37513389P,SHA2693725910,2044933,0752688984,irene.gacheru58@company.co.ke,Customer Service,Customer Rep,Junior,2023-12-25,43000,2000,45000,2160,5235,37605,Co-operative Bank,6129207878282,30,Active,Ms.
EMP-144,Michael Kiprotich Limo,Michael,Kiprotich,Limo,Male,1977-03-26,13545285,A13545285L,SHA6000952470,8819107,0750831043,michael.limo91@company.co.ke,Procurement,Procurement Officer,Junior,2017-12-21,49000,1000,50000,2160,6735,41105,I&M Bank,4654030772744,60,Active,Mr.
EMP-145,George Gichuru Akinyi,George,Gichuru,Akinyi,Male,1978-01-02,21936746,A21936746J,SHA9800175892,6013715,0739835008,george.akinyi17@company.co.ke,Finance,Finance Analyst,Specialist,2023-11-26,64000,0,64000,2160,10935,50905,Co-operative Bank,2663225452446,38,Active,Mr.
EMP-146,Doris Njoroge Gacheru,Doris,Njoroge,Gacheru,Female,1998-07-16,12163322,A12163322C,SHA8069459895,3160763,0713957046,doris.gacheru49@company.co.ke,Finance,Accountant,Junior,2021-06-08,49000,0,49000,2160,6435,40405,Standard Chartered Kenya,1747850561810,50,Active,Mrs.
EMP-147,Bernard Ndungu Musyoka,Bernard,Ndungu,Musyoka,Male,1987-03-14,39642783,A39642783W,SHA1638367047,5123584,0736770773,bernard.musyoka83@company.co.ke,Operations,Operations Officer,Junior,2015-12-26,52000,1000,53000,2160,7635,43205,Absa Bank Kenya,8247752551511,55,Active,Mr.
EMP-148,Kevin Kinuthia Ruto,Kevin,Kinuthia,Ruto,Male,2000-05-02,36220611,A36220611L,SHA7376649850,9428760,0773308406,kevin.ruto68@company.co.ke,Marketing,Content Creator,Mid-level,2017-06-16,55000,1000,56000,2160,8535,45305,I&M Bank,4162257442302,63,Active,Mr.
EMP-149,Peter Kariuki Njenga,Peter,Kariuki,Njenga,Male,1993-01-23,37389984,A37389984U,SHA4165649201,4681115,0757201978,peter.njenga73@company.co.ke,Sales,Sales Representative,Junior,2018-07-26,40000,0,40000,2160,3735,34105,I&M Bank,4057351943586,52,Active,Mr.
EMP-150,Felix Mohamed Simiyu,Felix,Mohamed,Simiyu,Male,1985-12-06,13028535,A13028535A,SHA1241239647,4671004,0753431355,felix.simiyu8@company.co.ke,Human Resources,HR Specialist,Mid-level,2017-04-05,65000,5000,70000,2160,12735,55105,DTB Bank,1010642881666,59,Active,Mr.
EMP-151,David Ali Ngetich,David,Ali,Ngetich,Male,1990-11-11,22535626,A22535626L,SHA8138835028,2695038,0733381086,david.ngetich91@company.co.ke,Marketing,Head of Marketing,Senior Leader,2019-11-25,190000,28000,218000,2160,57135,158705,Absa Bank Kenya,3397977321395,43,Probation,Mr.
EMP-152,Sharon Adhiambo Ogolla,Sharon,Adhiambo,Ogolla,Female,1985-12-03,34455508,A34455508F,SHA7755273988,1543292,0741943272,sharon.ogolla45@company.co.ke,Operations,Operations Officer,Junior,2020-07-25,55000,2000,57000,2160,8835,46005,Stanbic Bank Kenya,4885276297646,59,Probation,Mrs.
EMP-153,Joseph Kimani Muthoni,Joseph,Kimani,Muthoni,Male,1980-07-16,18373201,A18373201J,SHA3977168607,6880098,0760829941,joseph.muthoni45@company.co.ke,Engineering,Software Engineer,Junior,2023-03-20,36000,1000,37000,2160,2835,32005,Equity Bank,1024568989291,50,Active,Mr.
EMP-154,Emmanuel Mutua Mutua,Emmanuel,Mutua,Mutua,Male,1980-12-03,38379079,A38379079L,SHA5438474114,1336852,0783423305,emmanuel.mutua12@company.co.ke,Legal,Legal Officer,Junior,2024-12-15,37000,1000,38000,2160,3135,32705,Absa Bank Kenya,2842333360416,9,Active,Mr.
EMP-155,Rehema Kamau Adhiambo,Rehema,Kamau,Adhiambo,Female,1976-07-19,15271528,A15271528G,SHA1230020161,6554845,0783774469,rehema.adhiambo63@company.co.ke,Procurement,Head of Procurement,Manager,2017-08-30,132000,4000,136000,2160,32535,101305,NCBA Bank,5666654304517,60,Active,Ms.
EMP-156,Faith Simiyu Kariuki,Faith,Simiyu,Kariuki,Female,1990-08-22,13254340,A13254340W,SHA1110533960,3866088,0745568288,faith.kariuki12@company.co.ke,Procurement,Senior Procurement Officer,Mid-level,2018-06-17,70000,5000,75000,2160,14235,58605,Absa Bank Kenya,2443010475011,51,Active,Mrs.
EMP-157,Aisha Mugo Koskei,Aisha,Mugo,Koskei,Female,1978-02-22,11497095,A11497095J,SHA6425814872,8802377,0756142898,aisha.koskei70@company.co.ke,Marketing,Marketing Officer,Junior,2023-06-09,53000,0,53000,2160,7635,43205,NCBA Bank,5728059251487,21,Active,Mrs.
EMP-158,Eric Kinuthia Bett,Eric,Kinuthia,Bett,Male,1993-09-26,27968881,A27968881R,SHA9316609031,4953417,0786703472,eric.bett87@company.co.ke,Customer Service,Senior Customer Rep,Mid-level,2015-05-23,83000,6000,89000,2160,18435,68405,Absa Bank Kenya,7945301226997,47,Probation,Mr.
EMP-159,David Barasa Musyoka,David,Barasa,Musyoka,Male,1998-02-03,37127440,A37127440P,SHA1827752234,1715982,0762089786,david.musyoka72@company.co.ke,Human Resources,Head of HR,Senior Leader,2017-11-22,187000,31000,218000,2160,57135,158705,Equity Bank,4553807953546,53,Active,Mr.
EMP-160,Wangari Wairimu Ngugi,Wangari,Wairimu,Ngugi,Female,1992-06-14,30906354,A30906354P,SHA8652281649,2887752,0745451818,wangari.ngugi50@company.co.ke,Engineering,QA Engineer,Specialist,2016-02-18,53000,2000,55000,2160,8235,44605,Co-operative Bank,2764972357314,54,Active,Mrs.
EMP-161,Grace Adhiambo Kinuthia,Grace,Adhiambo,Kinuthia,Female,1975-06-27,32844288,A32844288N,SHA8274219704,1650662,0750675347,grace.kinuthia40@company.co.ke,Human Resources,HR Specialist,Mid-level,2018-01-05,56000,3000,59000,2160,9435,47405,Standard Chartered Kenya,5181968913016,52,Active,Mrs.
EMP-162,Wangari Kariuki Ngetich,Wangari,Kariuki,Ngetich,Female,1998-08-25,34955224,A34955224Z,SHA8841851495,5520117,0779323646,wangari.ngetich48@company.co.ke,Human Resources,HR Officer,Junior,2024-03-28,49000,1000,50000,2160,6735,41105,I&M Bank,4303213334747,29,Active,Ms.
EMP-163,Samuel Waweru Makau,Samuel,Waweru,Makau,Male,1983-06-27,36189785,A36189785G,SHA1124331395,4234033,0772306347,samuel.makau65@company.co.ke,Customer Service,Senior Customer Rep,Mid-level,2019-01-16,69000,0,69000,2160,12435,54405,KCB Bank,1580892137492,57,Active,Mr.
EMP-164,Kevin Musyoka Omondi,Kevin,Musyoka,Omondi,Male,1993-04-28,15958719,A15958719F,SHA7662927609,6775539,0739709238,kevin.omondi83@company.co.ke,Legal,Compliance Officer,Mid-level,2015-07-23,64000,0,64000,2160,10935,50905,Absa Bank Kenya,2592096490070,58,Active,Mr.
EMP-165,Victor Wekesa Gitahi,Victor,Wekesa,Gitahi,Male,1983-07-13,35755466,A35755466E,SHA3930025537,8954031,0756802956,victor.gitahi59@company.co.ke,Engineering,DevOps Engineer,Manager,2018-06-05,106000,8000,114000,2160,25935,85905,Co-operative Bank,4934226394586,43,Active,Mr.
EMP-166,Esther Ali Bett,Esther,Ali,Bett,Female,1983-05-21,27163552,A27163552K,SHA8900070153,5742531,0797438349,esther.bett39@company.co.ke,Procurement,Procurement Officer,Junior,2022-03-08,45000,2000,47000,2160,5835,39005,Equity Bank,2123055515038,53,Active,Mrs.
EMP-167,Eric Kinyanjui Kivuva,Eric,Kinyanjui,Kivuva,Male,1997-10-27,34202248,A34202248K,SHA9699264134,9344531,0735489981,eric.kivuva44@company.co.ke,Marketing,Digital Marketer,Specialist,2015-05-25,62000,2000,64000,2160,10935,50905,Absa Bank Kenya,8365469100854,45,Active,Mr.
EMP-168,Emmanuel Njenga Gitahi,Emmanuel,Njenga,Gitahi,Male,1988-06-12,38207153,A38207153D,SHA3397657114,5928878,0744971668,emmanuel.gitahi75@company.co.ke,Operations,Operations Manager,Manager,2024-10-09,112000,3000,115000,2160,26235,86605,Family Bank,4908803779182,12,Active,Mr.
EMP-169,Emmanuel Mwangi Ngetich,Emmanuel,Mwangi,Ngetich,Male,1981-06-14,30825715,A30825715S,SHA5600836559,4263903,0786424055,emmanuel.ngetich59@company.co.ke,Procurement,Senior Procurement Officer,Mid-level,2016-09-09,56000,4000,60000,2160,9735,48105,Equity Bank,8268366093032,59,Active,Mr.
EMP-170,Joseph Abdi Juma,Joseph,Abdi,Juma,Male,1988-07-14,11946613,A11946613G,SHA5315211627,5589036,0774075580,joseph.juma50@company.co.ke,Human Resources,HR Officer,Junior,2019-11-12,37000,0,37000,2160,2835,32005,Co-operative Bank,9612089902133,43,Active,Mr.
EMP-171,Raymond Wanjiku Barasa,Raymond,Wanjiku,Barasa,Male,1980-02-27,32707899,A32707899H,SHA9607646309,5174559,0716136213,raymond.barasa39@company.co.ke,Customer Service,Customer Rep,Junior,2021-08-08,38000,1000,39000,2160,3435,33405,Standard Chartered Kenya,3269083158341,54,On Leave,Mr.
EMP-172,Fatuma Ali Muriuki,Fatuma,Ali,Muriuki,Female,1998-01-19,14489228,A14489228G,SHA9166381136,7027229,0777730769,fatuma.muriuki22@company.co.ke,ICT,IT Manager,Manager,2016-06-21,104000,3000,107000,2160,23835,81005,Co-operative Bank,1336740003028,57,Active,Mrs.
EMP-173,Geoffrey Muthoni Limo,Geoffrey,Muthoni,Limo,Male,1990-12-05,29928784,A29928784W,SHA5272119095,2813842,0737581060,geoffrey.limo89@company.co.ke,Customer Service,Senior Customer Rep,Mid-level,2021-02-19,69000,2000,71000,2160,13035,55805,KCB Bank,8332006487806,55,Active,Mr.
EMP-174,Edwin Wekesa Kivuva,Edwin,Wekesa,Kivuva,Male,1994-04-25,19058929,A19058929D,SHA4009596757,8026730,0745298445,edwin.kivuva67@company.co.ke,Finance,Finance Analyst,Specialist,2020-07-31,53000,3000,56000,2160,8535,45305,DTB Bank,5969782827595,57,Probation,Mr.
EMP-175,Rehema Wekesa Wekesa,Rehema,Wekesa,Wekesa,Female,1990-03-03,16969053,A16969053A,SHA7359403225,4934345,0778679929,rehema.wekesa10@company.co.ke,Engineering,Senior Software Engineer,Mid-level,2021-06-09,84000,1000,85000,2160,17235,65605,KCB Bank,2566252738110,42,Active,Ms.
EMP-176,Alex Mutua Nyambura,Alex,Mutua,Nyambura,Male,1986-08-20,11680412,A11680412P,SHA6542943838,6246354,0746011877,alex.nyambura94@company.co.ke,Operations,Operations Officer,Junior,2016-11-29,39000,1000,40000,2160,3735,34105,Equity Bank,1167700816692,53,Active,Mr.
EMP-177,Aisha Gitau Odundo,Aisha,Gitau,Odundo,Female,2000-10-22,22942464,A22942464Y,SHA1716309186,3223175,0768809216,aisha.odundo24@company.co.ke,Legal,Legal Officer,Junior,2021-08-16,38000,1000,39000,2160,3435,33405,KCB Bank,3803945131971,48,Active,Mrs.
EMP-178,Stella Kamau Ngetich,Stella,Kamau,Ngetich,Female,1998-10-08,13789552,A13789552B,SHA9107154202,8393515,0799904987,stella.ngetich44@company.co.ke,Legal,Senior Counsel,Manager,2020-11-19,135000,14000,149000,2160,36435,110405,Equity Bank,1216098006512,45,Active,Ms.
EMP-179,Elijah Musyoka Ndungu,Elijah,Musyoka,Ndungu,Male,1983-01-17,31521962,A31521962A,SHA2653032484,1915467,0739891163,elijah.ndungu71@company.co.ke,Marketing,Digital Marketer,Specialist,2017-09-13,74000,3000,77000,2160,14835,60005,Co-operative Bank,2314970396800,53,Active,Mr.
EMP-180,Njeri Musyoka Kariuki,Njeri,Musyoka,Kariuki,Female,1975-02-26,25035693,A25035693D,SHA7435820151,6302632,0791094790,njeri.kariuki80@company.co.ke,Legal,Senior Counsel,Manager,2021-04-01,115000,6000,121000,2160,28035,90805,Family Bank,2803962582144,46,Active,Mrs.
EMP-181,Isaac Kimani Omondi,Isaac,Kimani,Omondi,Male,1975-06-12,38330592,A38330592Y,SHA7246858055,8937865,0795048563,isaac.omondi38@company.co.ke,Engineering,DevOps Engineer,Manager,2022-05-22,97000,1000,98000,2160,21135,74705,Standard Chartered Kenya,8961649224562,56,Active,Mr.
EMP-182,Rehema Kariuki Mwangi,Rehema,Kariuki,Mwangi,Female,1997-06-04,34053699,A34053699V,SHA2757546829,5266266,0765629268,rehema.mwangi6@company.co.ke,Legal,Legal Officer,Junior,2024-03-31,47000,1000,48000,2160,6135,39705,NCBA Bank,3122519337009,36,Active,Ms.
EMP-183,Moses Juma Kivuva,Moses,Juma,Kivuva,Male,1980-12-27,14517634,A14517634S,SHA9434691954,1072773,0727231111,moses.kivuva14@company.co.ke,Procurement,Head of Procurement,Senior Leader,2016-12-26,280000,44000,324000,2160,88935,232905,KCB Bank,9497958385805,45,Active,Mr.
EMP-184,Judith Kinuthia Owino,Judith,Kinuthia,Owino,Female,1981-04-07,21504432,A21504432E,SHA9463197203,8597490,0793774355,judith.owino92@company.co.ke,Operations,Logistics Coordinator,Mid-level,2021-03-17,77000,5000,82000,2160,16335,63505,Co-operative Bank,6522729686125,43,Active,Ms.
EMP-185,Nduta Kiprotich Makau,Nduta,Kiprotich,Makau,Female,1983-03-10,31370060,A31370060S,SHA8934097788,1214253,0743629729,nduta.makau19@company.co.ke,Customer Service,Senior Customer Rep,Mid-level,2015-08-20,59000,0,59000,2160,9435,47405,Equity Bank,7700257524788,57,Active,Ms.
EMP-186,Amina Mohamed Mwangi,Amina,Mohamed,Mwangi,Female,1992-01-01,39126433,A39126433Y,SHA2670255496,9571853,0743734435,amina.mwangi26@company.co.ke,Legal,Legal Officer,Junior,2022-09-07,48000,2000,50000,2160,6735,41105,Absa Bank Kenya,7817751983676,53,Active,Mrs.
EMP-187,Njeri Mutua Kitheka,Njeri,Mutua,Kitheka,Female,1983-03-06,30246307,A30246307F,SHA6126033644,8529864,0788381281,njeri.kitheka33@company.co.ke,Procurement,Senior Procurement Officer,Mid-level,2018-02-17,67000,0,67000,2160,11835,53005,Equity Bank,3098150995885,46,Active,Mrs.
EMP-188,Rehema Chebet Mwangi,Rehema,Chebet,Mwangi,Female,1980-09-03,35959753,A35959753U,SHA8137764127,9230079,0777798790,rehema.mwangi21@company.co.ke,Marketing,Content Creator,Mid-level,2020-11-22,80000,5000,85000,2160,17235,65605,DTB Bank,2281438220106,56,Active,Ms.
EMP-189,Mercy Njenga Kimani,Mercy,Njenga,Kimani,Female,1976-11-11,19850720,A19850720D,SHA7573442717,1147701,0761186964,mercy.kimani15@company.co.ke,Marketing,Marketing Officer,Junior,2021-12-19,55000,2000,57000,2160,8835,46005,Standard Chartered Kenya,5228161945507,56,Active,Ms.
EMP-190,Faith Ali Bett,Faith,Ali,Bett,Female,1977-04-22,24950408,A24950408W,SHA3090810307,5973336,0794492003,faith.bett28@company.co.ke,Customer Service,Customer Service Manager,Manager,2015-01-31,139000,9000,148000,2160,36135,109705,NCBA Bank,3942464727497,43,Active,Mrs.
EMP-191,Njeri Kariuki Gichuru,Njeri,Kariuki,Gichuru,Female,1993-04-09,15159147,A15159147B,SHA5396985409,6565260,0764711545,njeri.gichuru50@company.co.ke,Finance,Finance Analyst,Specialist,2021-04-04,55000,3000,58000,2160,9135,46705,Equity Bank,1953797337612,61,Active,Mrs.
EMP-192,Vivian Gichuru Otieno,Vivian,Gichuru,Otieno,Female,1984-08-13,31522575,A31522575M,SHA9785427977,2217848,0763031203,vivian.otieno85@company.co.ke,Finance,Senior Accountant,Mid-level,2021-10-20,80000,4000,84000,2160,16935,64905,DTB Bank,6098582029036,61,Active,Mrs.
EMP-193,Patrick Kiprotich Kyalo,Patrick,Kiprotich,Kyalo,Male,1992-09-03,38503397,A38503397K,SHA7638836058,3417186,0750894954,patrick.kyalo27@company.co.ke,ICT,Systems Administrator,Specialist,2021-09-09,51000,0,51000,2160,7035,41805,Standard Chartered Kenya,3165270713341,51,Active,Mr.
EMP-194,Amina Wekesa Musau,Amina,Wekesa,Musau,Female,1977-05-04,30699223,A30699223D,SHA8880184233,4260252,0736496940,amina.musau93@company.co.ke,Human Resources,HR Officer,Junior,2018-04-05,55000,2000,57000,2160,8835,46005,Co-operative Bank,9115550519732,42,Active,Ms.
EMP-195,Doris Kiprotich Kivuva,Doris,Kiprotich,Kivuva,Female,2000-06-14,12342397,A12342397R,SHA4865979921,6331563,0732634412,doris.kivuva1@company.co.ke,Finance,Accountant,Junior,2021-05-10,53000,0,53000,2160,7635,43205,Family Bank,6380131251593,52,Active,Ms.
EMP-196,Elijah Wairimu Kiptoo,Elijah,Wairimu,Kiptoo,Male,1979-09-07,34594485,A34594485M,SHA7356353895,8471866,0745330756,elijah.kiptoo94@company.co.ke,Marketing,Marketing Officer,Junior,2024-06-09,55000,2000,57000,2160,8835,46005,Absa Bank Kenya,4088548918441,13,Active,Mr.
EMP-197,Samuel Kamau Lagat,Samuel,Kamau,Lagat,Male,1998-05-05,37267754,A37267754T,SHA3534186676,1614990,0772371131,samuel.lagat65@company.co.ke,Customer Service,Senior Customer Rep,Mid-level,2024-12-30,66000,2000,68000,2160,12135,53705,Absa Bank Kenya,3614669562752,3,Active,Mr.
EMP-198,Doris Omar Kamau,Doris,Omar,Kamau,Female,1982-02-09,35407619,A35407619F,SHA3208200227,8486336,0759584751,doris.kamau30@company.co.ke,Procurement,Procurement Manager,Specialist,2023-07-16,61000,0,61000,2160,10035,48805,Co-operative Bank,9507179181349,27,Active,Ms.
EMP-199,Raymond Kinuthia Ndungu,Raymond,Kinuthia,Ndungu,Male,1977-09-09,11338979,A11338979W,SHA2391874847,9747185,0760509993,raymond.ndungu29@company.co.ke,Legal,Senior Counsel,Manager,2021-08-04,131000,6000,137000,2160,32835,102005,Absa Bank Kenya,7623586249712,43,Active,Mr.
EMP-200,Njeri Njenga Muthee,Njeri,Njenga,Muthee,Female,1997-02-22,39596158,A39596158H,SHA5891831621,3778404,0740916561,njeri.muthee54@company.co.ke,Procurement,Procurement Officer,Junior,2019-01-23,39000,0,39000,2160,3435,33405,Equity Bank,4720647745986,44,Active,Mrs.
EMP-201,Emmanuel Hassan Ndungu,Emmanuel,Hassan,Ndungu,Male,1979-01-06,31718415,A31718415H,SHA8874242713,1376582,0744663022,emmanuel.ndungu24@company.co.ke,Sales,Senior Sales Rep,Mid-level,2015-06-10,59000,3000,62000,2160,10335,49505,KCB Bank,3832927561912,45,Active,Mr.
EMP-202,Stella Kamau Koskei,Stella,Kamau,Koskei,Female,1994-11-17,30351631,A30351631F,SHA9558906999,9081054,0745503367,stella.koskei22@company.co.ke,Finance,Accountant,Junior,2021-07-14,54000,0,54000,2160,7935,43905,NCBA Bank,8227701376282,58,Active,Mrs.
EMP-203,Nduta Juma Muriuki,Nduta,Juma,Muriuki,Female,1990-10-20,14436338,A14436338S,SHA1466305100,4394845,0715239398,nduta.muriuki69@company.co.ke,Sales,Senior Sales Rep,Mid-level,2016-01-30,81000,1000,82000,2160,16335,63505,DTB Bank,8385988119288,58,Active,Ms.
EMP-204,Joseph Hassan Kivuva,Joseph,Hassan,Kivuva,Male,1986-10-26,28095434,A28095434S,SHA4554178984,8239315,0787325627,joseph.kivuva13@company.co.ke,Human Resources,HR Manager,Manager,2020-05-28,104000,12000,116000,2160,26535,87305,I&M Bank,8548533083682,51,Active,Mr.
EMP-205,Tabitha Mutua Lagat,Tabitha,Mutua,Lagat,Female,1988-06-04,28244585,A28244585A,SHA7050091525,4171246,0730774029,tabitha.lagat55@company.co.ke,Operations,Logistics Coordinator,Mid-level,2024-01-08,75000,1000,76000,2160,14535,59305,KCB Bank,7597100664881,32,Active,Ms.
EMP-206,Caroline Mohamed Adhiambo,Caroline,Mohamed,Adhiambo,Female,1998-03-28,32837337,A32837337F,SHA6169824924,9094465,0798487446,caroline.adhiambo16@company.co.ke,Procurement,Procurement Officer,Junior,2023-09-07,44000,1000,45000,2160,5235,37605,Standard Chartered Kenya,5464548754623,30,Active,Mrs.
EMP-207,Wanjiku Akinyi Gitau,Wanjiku,Akinyi,Gitau,Female,1977-02-09,21356089,A21356089W,SHA1223565082,7528076,0739765498,wanjiku.gitau48@company.co.ke,Customer Service,Senior Customer Rep,Mid-level,2021-09-24,81000,1000,82000,2160,16335,63505,KCB Bank,2605477541526,50,Active,Ms.
EMP-208,Geoffrey Kinyanjui Njeru,Geoffrey,Kinyanjui,Njeru,Male,1997-04-20,30047852,A30047852G,SHA7418263314,1179690,0732747608,geoffrey.njeru87@company.co.ke,Customer Service,Customer Rep,Junior,2020-09-22,36000,1000,37000,2160,2835,32005,DTB Bank,4424317323535,47,Active,Mr.
EMP-209,Brian Akinyi Kariuki,Brian,Akinyi,Kariuki,Male,1984-12-27,21848998,A21848998U,SHA8171143901,7802338,0785042992,brian.kariuki75@company.co.ke,Operations,Operations Analyst,Specialist,2016-01-05,73000,4000,77000,2160,14835,60005,NCBA Bank,1268511660324,46,Active,Mr.
EMP-210,Sharon Wambui Nyambura,Sharon,Wambui,Nyambura,Female,1997-08-13,15873192,A15873192L,SHA9900829971,5936726,0785587210,sharon.nyambura62@company.co.ke,Procurement,Procurement Officer,Junior,2021-06-12,52000,2000,54000,2160,7935,43905,Equity Bank,5535299532649,55,Active,Mrs.
EMP-211,Zawadi Juma Mwenda,Zawadi,Juma,Mwenda,Female,1982-05-03,26172235,A26172235N,SHA5794335854,2133372,0763543563,zawadi.mwenda87@company.co.ke,Procurement,Head of Procurement,Manager,2015-02-09,112000,7000,119000,2160,27435,89405,NCBA Bank,8255555815939,55,Active,Mrs.
EMP-212,Mercy Omondi Musyoka,Mercy,Omondi,Musyoka,Female,1986-03-25,29250601,A29250601R,SHA2155671697,4190481,0724319594,mercy.musyoka16@company.co.ke,Marketing,Content Creator,Mid-level,2017-10-19,62000,1000,63000,2160,10635,50205,NCBA Bank,4634682239832,44,Active,Mrs.
EMP-213,Stella Wanjiku Mbatha,Stella,Wanjiku,Mbatha,Female,1991-07-16,20583635,A20583635F,SHA9026301048,9234347,0782580645,stella.mbatha5@company.co.ke,Legal,Compliance Officer,Mid-level,2016-06-09,62000,4000,66000,2160,11535,52305,DTB Bank,7997705461175,62,Active,Ms.
EMP-214,Wangari Adhiambo Nyambura,Wangari,Adhiambo,Nyambura,Female,1992-05-08,33126068,A33126068N,SHA1036157653,4535838,0746159360,wangari.nyambura61@company.co.ke,Customer Service,Senior Customer Rep,Mid-level,2017-11-29,66000,3000,69000,2160,12435,54405,Stanbic Bank Kenya,6721329146907,58,On Leave,Ms.
EMP-215,Doris Adhiambo Muthee,Doris,Adhiambo,Muthee,Female,1990-01-06,35239501,A35239501J,SHA6894024976,7720828,0766575546,doris.muthee64@company.co.ke,Sales,Senior Sales Rep,Mid-level,2023-04-14,59000,4000,63000,2160,10635,50205,Family Bank,4450494620382,38,Active,Mrs.
EMP-216,Wanjiku Abdi Simiyu,Wanjiku,Abdi,Simiyu,Female,1998-06-09,11600858,A11600858B,SHA2711123163,3740422,0758447502,wanjiku.simiyu47@company.co.ke,Customer Service,Customer Service Manager,Manager,2016-01-30,120000,12000,132000,2160,31335,98505,NCBA Bank,5474556277145,49,Active,Mrs.
EMP-217,Doris Kamau Owino,Doris,Kamau,Owino,Female,1995-03-28,30319759,A30319759L,SHA8646369354,6957741,0732491607,doris.owino82@company.co.ke,Marketing,Marketing Manager,Manager,2018-03-19,95000,4000,99000,2160,21435,75405,DTB Bank,8862953507471,49,Active,Ms.
EMP-218,Vivian Kinyanjui Lagat,Vivian,Kinyanjui,Lagat,Female,1991-08-14,17657723,A17657723Y,SHA6641362499,5888148,0732457056,vivian.lagat24@company.co.ke,Finance,Accountant,Junior,2019-01-27,49000,2000,51000,2160,7035,41805,Absa Bank Kenya,5773407133556,45,Active,Ms.
EMP-219,Francis Muthoni Kyalo,Francis,Muthoni,Kyalo,Male,1983-10-05,23322639,A23322639R,SHA1442421654,2070258,0721316066,francis.kyalo84@company.co.ke,Finance,Accountant,Junior,2015-12-07,47000,1000,48000,2160,6135,39705,DTB Bank,1459792679172,60,Active,Mr.
EMP-220,Esther Mutua Njenga,Esther,Mutua,Njenga,Female,1989-03-23,14404928,A14404928X,SHA1732755730,1589802,0782381952,esther.njenga23@company.co.ke,Legal,Compliance Officer,Mid-level,2018-01-20,82000,4000,86000,2160,17535,66305,Standard Chartered Kenya,9218317506279,46,Active,Mrs.
EMP-221,Naomi Simiyu Ngugi,Naomi,Simiyu,Ngugi,Female,1999-03-12,17621165,A17621165K,SHA4456193555,8413185,0748488577,naomi.ngugi61@company.co.ke,Marketing,Content Creator,Mid-level,2015-01-01,59000,1000,60000,2160,9735,48105,Standard Chartered Kenya,5571615604826,47,Active,Mrs.
EMP-222,Zawadi Hassan Simiyu,Zawadi,Hassan,Simiyu,Female,1987-07-08,30032121,A30032121G,SHA9620935604,7268704,0745296615,zawadi.simiyu11@company.co.ke,ICT,Systems Administrator,Specialist,2023-04-08,57000,1000,58000,2160,9135,46705,I&M Bank,7942544507889,43,Active,Ms.
EMP-223,Victor Nyambura Musau,Victor,Nyambura,Musau,Male,1990-04-11,23854755,A23854755K,SHA1294050451,3292170,0712603206,victor.musau20@company.co.ke,Customer Service,Customer Service Manager,Manager,2022-11-09,129000,7000,136000,2160,32535,101305,Equity Bank,9012849440412,44,Active,Mr.
EMP-224,Paul Kariuki Wekesa,Paul,Kariuki,Wekesa,Male,1986-08-23,24710821,A24710821C,SHA4122901114,4905912,0714259684,paul.wekesa43@company.co.ke,Operations,Operations Officer,Junior,2018-06-30,41000,1000,42000,2160,4335,35505,Co-operative Bank,9680192147966,48,Active,Mr.
EMP-225,Eric Wairimu Limo,Eric,Wairimu,Limo,Male,1989-12-25,25775508,A25775508N,SHA1779982123,5195637,0722611138,eric.limo67@company.co.ke,ICT,IT Support,Junior,2015-05-18,49000,1000,50000,2160,6735,41105,KCB Bank,7769937743703,57,Active,Mr.
EMP-226,Emmanuel Kinuthia Mwenda,Emmanuel,Kinuthia,Mwenda,Male,1981-02-08,15322116,A15322116D,SHA9771121724,9739692,0794947603,emmanuel.mwenda56@company.co.ke,Operations,Operations Manager,Manager,2024-09-07,113000,12000,125000,2160,29235,93605,Absa Bank Kenya,4493091804091,0,Active,Mr.
EMP-227,Victor Gitau Odundo,Victor,Gitau,Odundo,Male,1999-11-02,11409063,A11409063M,SHA8261722027,3600333,0718022882,victor.odundo46@company.co.ke,Sales,Sales Representative,Junior,2021-12-08,50000,0,50000,2160,6735,41105,Equity Bank,3771322159895,53,Active,Mr.
EMP-228,James Abdi Kimani,James,Abdi,Kimani,Male,1984-09-23,36459744,A36459744A,SHA9125201729,4237420,0775779034,james.kimani25@company.co.ke,Marketing,Head of Marketing,Senior Leader,2019-11-28,160000,16000,176000,2160,44535,129305,I&M Bank,5407215115980,46,Active,Mr.
EMP-229,Beatrice Juma Kinuthia,Beatrice,Juma,Kinuthia,Female,1996-09-27,25078831,A25078831W,SHA6871704354,1012076,0762008140,beatrice.kinuthia25@company.co.ke,Finance,Senior Accountant,Mid-level,2018-08-06,79000,4000,83000,2160,16635,64205,DTB Bank,7407476292121,61,Active,Ms.
EMP-230,Zawadi Omondi Akinyi,Zawadi,Omondi,Akinyi,Female,1990-04-04,20805334,A20805334X,SHA1474439845,9777848,0714270425,zawadi.akinyi74@company.co.ke,Marketing,Content Creator,Mid-level,2017-04-07,60000,4000,64000,2160,10935,50905,Equity Bank,3284655452528,60,Active,Mrs.
EMP-231,Lydia Abdi Ngugi,Lydia,Abdi,Ngugi,Female,1992-12-14,30332429,A30332429G,SHA4083121646,1219548,0759535555,lydia.ngugi91@company.co.ke,Engineering,Senior Software Engineer,Mid-level,2015-09-06,69000,4000,73000,2160,13635,57205,Family Bank,2408028052291,52,Active,Mrs.
EMP-232,Judith Otieno Mutuku,Judith,Otieno,Mutuku,Female,1980-09-24,17244403,A17244403T,SHA1417124022,4875838,0784912498,judith.mutuku54@company.co.ke,Operations,Operations Officer,Junior,2021-05-23,51000,2000,53000,2160,7635,43205,I&M Bank,4398132857437,43,Active,Ms.
EMP-233,Lydia Juma Muthama,Lydia,Juma,Muthama,Female,1986-07-25,16053103,A16053103L,SHA7657050979,9467339,0794992144,lydia.muthama56@company.co.ke,Finance,Accountant,Junior,2021-03-03,46000,2000,48000,2160,6135,39705,Co-operative Bank,8793647293388,53,Active,Mrs.
EMP-234,Stella Musyoka Kuria,Stella,Musyoka,Kuria,Female,1985-01-25,34983903,A34983903Q,SHA6386271785,8590070,0747038339,stella.kuria71@company.co.ke,ICT,Systems Administrator,Specialist,2017-06-27,50000,1000,51000,2160,7035,41805,I&M Bank,6312403492714,57,Active,Ms.
EMP-235,Daniel Otieno Nyambura,Daniel,Otieno,Nyambura,Male,1980-08-27,18891527,A18891527J,SHA3500339713,4908993,0787340611,daniel.nyambura13@company.co.ke,Marketing,Marketing Officer,Junior,2023-11-22,37000,1000,38000,2160,3135,32705,Absa Bank Kenya,4826463165787,27,Active,Mr.
EMP-236,Grace Kinuthia Kariuki,Grace,Kinuthia,Kariuki,Female,1984-09-02,37418725,A37418725H,SHA7160290489,3022334,0752857940,grace.kariuki70@company.co.ke,Marketing,Marketing Officer,Junior,2019-04-16,55000,2000,57000,2160,8835,46005,Stanbic Bank Kenya,1201557030616,62,Active,Ms.
EMP-237,Judith Mutua Akinyi,Judith,Mutua,Akinyi,Female,1993-12-02,35261125,A35261125P,SHA3167796058,4725978,0783571770,judith.akinyi52@company.co.ke,ICT,CTO,Senior Leader,2015-12-05,187000,5000,192000,2160,49335,140505,Absa Bank Kenya,7939749609171,48,Active,Ms.
EMP-238,Judith Simiyu Limo,Judith,Simiyu,Limo,Female,1985-11-19,16647419,A16647419T,SHA7390314766,4290000,0722025190,judith.limo15@company.co.ke,Human Resources,HR Specialist,Mid-level,2023-09-17,62000,0,62000,2160,10335,49505,Stanbic Bank Kenya,5331578661460,29,Active,Ms.
EMP-239,Doris Njenga Waweru,Doris,Njenga,Waweru,Female,1981-11-12,10812246,A10812246M,SHA8600723288,3839632,0730936786,doris.waweru97@company.co.ke,Marketing,Content Creator,Mid-level,2015-07-03,74000,1000,75000,2160,14235,58605,Stanbic Bank Kenya,8781633755719,56,Active,Mrs.
EMP-240,David Mwangi Njenga,David,Mwangi,Njenga,Male,1981-04-18,39150491,A39150491Y,SHA2235598059,6759137,0780231557,david.njenga97@company.co.ke,Procurement,Head of Procurement,Manager,2017-05-06,120000,0,120000,2160,27735,90105,Equity Bank,8916935198562,46,Active,Mr.
EMP-241,Stella Chebet Muthama,Stella,Chebet,Muthama,Female,1989-11-01,32264316,A32264316F,SHA3262584884,5285846,0718938604,stella.muthama50@company.co.ke,ICT,Network Engineer,Mid-level,2018-01-16,80000,4000,84000,2160,16935,64905,KCB Bank,4531682946184,62,Active,Ms.
EMP-242,Wangari Kariuki Otieno,Wangari,Kariuki,Otieno,Female,1997-01-02,22774212,A22774212R,SHA4048090198,6292472,0743204410,wangari.otieno68@company.co.ke,ICT,IT Support,Junior,2020-02-19,40000,0,40000,2160,3735,34105,Stanbic Bank Kenya,2548471262174,46,Active,Mrs.
EMP-243,Lilian Akinyi Otieno,Lilian,Akinyi,Otieno,Female,1983-04-05,20144384,A20144384W,SHA7447825925,2040350,0755873760,lilian.otieno51@company.co.ke,Marketing,Content Creator,Mid-level,2015-05-01,83000,7000,90000,2160,18735,69105,Absa Bank Kenya,7811297054329,46,Active,Mrs.
EMP-244,Geoffrey Ali Mwenda,Geoffrey,Ali,Mwenda,Male,1979-10-18,33035899,A33035899U,SHA6271763012,5032585,0737153619,geoffrey.mwenda18@company.co.ke,Procurement,Head of Procurement,Manager,2017-04-26,118000,8000,126000,2160,29535,94305,Co-operative Bank,6792215954579,43,Active,Mr.
EMP-245,Elijah Chebet Musau,Elijah,Chebet,Musau,Male,1988-07-10,20653405,A20653405Z,SHA9881193677,9941610,0769459055,elijah.musau96@company.co.ke,Procurement,Head of Procurement,Manager,2023-08-02,99000,9000,108000,2160,24135,81705,Equity Bank,6584248339533,32,On Leave,Mr.
EMP-246,Winnie Wambui Gitau,Winnie,Wambui,Gitau,Female,1991-10-16,30534694,A30534694V,SHA7944732371,4874049,0797183615,winnie.gitau48@company.co.ke,Human Resources,HR Officer,Junior,2020-05-06,37000,1000,38000,2160,3135,32705,NCBA Bank,7318008924448,59,Active,Ms.
EMP-247,Tabitha Hassan Cheruiyot,Tabitha,Hassan,Cheruiyot,Female,1988-07-25,23709977,A23709977G,SHA2774010584,4402982,0715613827,tabitha.cheruiyot78@company.co.ke,Sales,Sales Representative,Junior,2024-12-14,45000,2000,47000,2160,5835,39005,Equity Bank,9618354645543,14,Active,Ms.
EMP-248,Fatuma Gichuru Odundo,Fatuma,Gichuru,Odundo,Female,1999-05-15,25331034,A25331034T,SHA5277084664,9702386,0732345453,fatuma.odundo55@company.co.ke,Customer Service,Customer Rep,Junior,2019-06-19,41000,1000,42000,2160,4335,35505,I&M Bank,1867422729009,54,Active,Ms.
EMP-249,John Juma Kiptoo,John,Juma,Kiptoo,Male,1989-02-09,26799287,A26799287N,SHA1486068287,3270069,0753496580,john.kiptoo89@company.co.ke,Legal,Legal Officer,Junior,2021-08-14,35000,0,35000,2100,2253,30647,I&M Bank,8929898882531,57,Active,Mr.
EMP-250,David Njoroge Kiprotich,David,Njoroge,Kiprotich,Male,1988-05-10,12862412,A12862412T,SHA5079161918,7353173,0769895766,david.kiprotich37@company.co.ke,Legal,Compliance Officer,Mid-level,2017-01-02,60000,4000,64000,2160,10935,50905,I&M Bank,3640815069835,62,Active,Mr.
EMP-251,James Wambui Kamau,James,Wambui,Kamau,Male,1988-08-03,10409624,A10409624T,SHA7264822511,9365828,0790693921,james.kamau77@company.co.ke,Procurement,Procurement Manager,Specialist,2020-05-02,56000,2000,58000,2160,9135,46705,KCB Bank,5185417570050,49,Active,Mr.
EMP-252,Stella Omondi Bett,Stella,Omondi,Bett,Female,1980-11-10,11847639,A11847639E,SHA8100770118,1616077,0792019078,stella.bett85@company.co.ke,Engineering,Software Engineer,Junior,2019-09-04,37000,0,37000,2160,2835,32005,KCB Bank,6825257450061,58,Active,Ms.
EMP-253,Isaac Mugo Mwangi,Isaac,Mugo,Mwangi,Male,1997-04-20,20832103,A20832103R,SHA3364255319,5912917,0717809403,isaac.mwangi14@company.co.ke,Finance,Finance Analyst,Specialist,2020-11-18,60000,2000,62000,2160,10335,49505,Co-operative Bank,5831234369711,57,Active,Mr.
EMP-254,Emmanuel Nyambura Adhiambo,Emmanuel,Nyambura,Adhiambo,Male,1978-01-15,18712745,A18712745Z,SHA7711463369,9719216,0793947919,emmanuel.adhiambo16@company.co.ke,Procurement,Head of Procurement,Manager,2017-03-03,135000,5000,140000,2160,33735,104105,Family Bank,5095721210893,63,Active,Mr.
EMP-255,Clinton Wekesa Mwangi,Clinton,Wekesa,Mwangi,Male,1991-09-11,37046332,A37046332W,SHA3738056872,1189536,0710822924,clinton.mwangi15@company.co.ke,Marketing,Marketing Officer,Junior,2018-06-14,43000,2000,45000,2160,5235,37605,NCBA Bank,5955060893015,54,Active,Mr.
EMP-256,Lilian Kamau Kiptoo,Lilian,Kamau,Kiptoo,Female,1998-01-27,21339279,A21339279R,SHA9742656117,3277572,0779937264,lilian.kiptoo39@company.co.ke,Sales,Sales Representative,Junior,2020-03-09,52000,2000,54000,2160,7935,43905,Co-operative Bank,9103002125837,50,Active,Ms.
EMP-257,Agnes Mohamed Otieno,Agnes,Mohamed,Otieno,Female,1980-10-20,36827953,A36827953E,SHA8712828384,2110870,0762286700,agnes.otieno24@company.co.ke,Procurement,Procurement Manager,Specialist,2022-01-10,60000,4000,64000,2160,10935,50905,Absa Bank Kenya,1549071793787,46,Active,Ms.
EMP-258,Rehema Gichuru Makau,Rehema,Gichuru,Makau,Female,1977-08-17,26678379,A26678379Q,SHA4766895640,7234137,0713346688,rehema.makau62@company.co.ke,Operations,Logistics Coordinator,Mid-level,2015-06-03,58000,2000,60000,2160,9735,48105,Absa Bank Kenya,4076495031139,57,Active,Ms.
EMP-259,Michael Kimani Ndungu,Michael,Kimani,Ndungu,Male,1975-05-02,20983639,A20983639X,SHA4744348135,9659503,0789763928,michael.ndungu12@company.co.ke,Customer Service,Customer Rep,Junior,2020-11-09,47000,2000,49000,2160,6435,40405,Co-operative Bank,9078990475734,60,Active,Mr.
EMP-260,Daniel Ali Limo,Daniel,Ali,Limo,Male,1978-05-05,35450829,A35450829G,SHA4831693156,6383479,0731138757,daniel.limo36@company.co.ke,Operations,Operations Officer,Junior,2019-12-12,52000,1000,53000,2160,7635,43205,NCBA Bank,5867428743880,42,Active,Mr.
EMP-261,George Mohamed Hassan,George,Mohamed,Hassan,Male,1990-11-02,14749858,A14749858F,SHA8748133196,5107483,0724217270,george.hassan50@company.co.ke,Customer Service,Customer Rep,Junior,2016-06-16,52000,1000,53000,2160,7635,43205,Equity Bank,6960951794498,63,Active,Mr.
EMP-262,Lilian Adhiambo Makau,Lilian,Adhiambo,Makau,Female,1978-08-10,21151214,A21151214C,SHA4510886562,9950391,0796492401,lilian.makau91@company.co.ke,Procurement,Senior Procurement Officer,Mid-level,2022-11-01,57000,4000,61000,2160,10035,48805,Family Bank,3317426009024,49,Active,Mrs.
EMP-263,Sharon Mutua Akinyi,Sharon,Mutua,Akinyi,Female,1984-06-20,33475171,A33475171A,SHA6689805567,9179005,0787132010,sharon.akinyi17@company.co.ke,Marketing,Content Creator,Mid-level,2024-06-26,66000,3000,69000,2160,12435,54405,Equity Bank,2986316436296,16,Active,Mrs.
EMP-264,Njeri Kariuki Barasa,Njeri,Kariuki,Barasa,Female,1997-10-14,23449169,A23449169V,SHA7831299927,5002629,0768432185,njeri.barasa73@company.co.ke,Operations,Logistics Coordinator,Mid-level,2018-10-27,70000,2000,72000,2160,13335,56505,NCBA Bank,3798377132808,57,Active,Ms.
EMP-265,Paul Odhiambo Kyalo,Paul,Odhiambo,Kyalo,Male,1999-07-11,13836038,A13836038Q,SHA7283143895,2638360,0776343171,paul.kyalo83@company.co.ke,Procurement,Head of Procurement,Manager,2024-02-17,128000,2000,130000,2160,30735,97105,Co-operative Bank,2225808550043,23,Active,Mr.
EMP-266,George Kiprotich Koskei,George,Kiprotich,Koskei,Male,1996-06-10,31345075,A31345075X,SHA4478233603,3461642,0786541203,george.koskei87@company.co.ke,Procurement,Head of Procurement,Manager,2017-03-12,129000,9000,138000,2160,33135,102705,Co-operative Bank,7860314768654,57,Active,Mr.
EMP-267,Rehema Njenga Kariuki,Rehema,Njenga,Kariuki,Female,1978-05-28,23562614,A23562614B,SHA4640572126,5935599,0714185545,rehema.kariuki31@company.co.ke,Procurement,Head of Procurement,Senior Leader,2024-03-15,150000,21000,171000,2160,43035,125805,Standard Chartered Kenya,1936165000031,31,Active,Ms.
EMP-268,Naomi Gichuru Makau,Naomi,Gichuru,Makau,Female,1979-03-01,28291151,A28291151G,SHA6039758047,3333188,0719629584,naomi.makau83@company.co.ke,ICT,Network Engineer,Mid-level,2018-03-27,81000,3000,84000,2160,16935,64905,DTB Bank,7339047381755,42,Active,Mrs.
EMP-269,Lydia Simiyu Cheruiyot,Lydia,Simiyu,Cheruiyot,Female,1986-04-06,23953793,A23953793V,SHA8989295264,8142130,0767011913,lydia.cheruiyot78@company.co.ke,Human Resources,HR Specialist,Mid-level,2020-01-18,68000,3000,71000,2160,13035,55805,Co-operative Bank,9961253388356,51,Active,Ms.
EMP-270,Wangari Musyoka Makau,Wangari,Musyoka,Makau,Female,1979-12-24,29339175,A29339175U,SHA2576124271,1635269,0780653292,wangari.makau97@company.co.ke,ICT,IT Manager,Manager,2022-09-29,97000,7000,104000,2160,22935,78905,Family Bank,7484133097142,61,Active,Mrs.
EMP-271,Judith Njoroge Ngugi,Judith,Njoroge,Ngugi,Female,1991-08-19,34886856,A34886856V,SHA3872118270,6242875,0754495054,judith.ngugi54@company.co.ke,Sales,Senior Sales Rep,Mid-level,2020-04-04,72000,4000,76000,2160,14535,59305,KCB Bank,7046899854667,49,Active,Ms.
EMP-272,Esther Akinyi Mwangi,Esther,Akinyi,Mwangi,Female,2000-05-09,31115805,A31115805Z,SHA9811640292,5894806,0727789051,esther.mwangi79@company.co.ke,Procurement,Procurement Officer,Junior,2020-09-01,50000,0,50000,2160,6735,41105,Stanbic Bank Kenya,6042408849894,61,Active,Mrs.
EMP-273,Faith Gitau Muriuki,Faith,Gitau,Muriuki,Female,1977-03-20,32117593,A32117593J,SHA7213328054,3942713,0730689702,faith.muriuki64@company.co.ke,Procurement,Procurement Manager,Specialist,2015-05-16,75000,3000,78000,2160,15135,60705,NCBA Bank,4180358508220,53,Active,Ms.
EMP-274,Zawadi Kinuthia Njenga,Zawadi,Kinuthia,Njenga,Female,1990-12-25,34641069,A34641069W,SHA8910612643,1911435,0781473736,zawadi.njenga30@company.co.ke,Human Resources,HR Officer,Junior,2020-05-04,40000,1000,41000,2160,4035,34805,Absa Bank Kenya,1923916160646,54,Active,Mrs.
EMP-275,Tabitha Muthoni Akinyi,Tabitha,Muthoni,Akinyi,Female,1985-05-09,36753252,A36753252S,SHA7222637202,6296376,0723190487,tabitha.akinyi33@company.co.ke,Engineering,Software Engineer,Junior,2024-08-16,54000,2000,56000,2160,8535,45305,KCB Bank,8597128159441,13,Active,Mrs.
EMP-276,Irene Musyoka Mutuku,Irene,Musyoka,Mutuku,Female,1978-11-15,33161897,A33161897T,SHA5265825306,6255795,0757179735,irene.mutuku29@company.co.ke,Customer Service,Customer Rep,Junior,2016-02-05,37000,0,37000,2160,2835,32005,KCB Bank,1148918550068,47,Active,Ms.
EMP-277,Amina Otieno Otieno,Amina,Otieno,Otieno,Female,1989-05-25,32032025,A32032025V,SHA5113699666,2449322,0767308741,amina.otieno89@company.co.ke,Engineering,DevOps Engineer,Manager,2015-11-07,108000,6000,114000,2160,25935,85905,Co-operative Bank,5454672489491,43,Active,Ms.
EMP-278,Caroline Akinyi Limo,Caroline,Akinyi,Limo,Female,1987-03-21,22844603,A22844603J,SHA6963950489,2007616,0776042812,caroline.limo14@company.co.ke,Operations,Operations Analyst,Specialist,2017-04-01,52000,2000,54000,2160,7935,43905,Absa Bank Kenya,8748885203315,44,Active,Ms.
EMP-279,Amina Kariuki Muthoni,Amina,Kariuki,Muthoni,Female,1987-10-01,12362645,A12362645E,SHA2915048861,9350043,0779173535,amina.muthoni91@company.co.ke,Finance,Accountant,Junior,2022-11-07,47000,1000,48000,2160,6135,39705,KCB Bank,1665431711636,53,On Leave,Mrs.
EMP-280,Tabitha Simiyu Odundo,Tabitha,Simiyu,Odundo,Female,1986-09-28,22899124,A22899124M,SHA3070459171,9980912,0755642455,tabitha.odundo11@company.co.ke,Customer Service,Customer Rep,Junior,2022-04-04,47000,0,47000,2160,5835,39005,Standard Chartered Kenya,6328687909243,61,Active,Ms.
EMP-281,Naomi Wambui Musyoka,Naomi,Wambui,Musyoka,Female,1976-04-01,20028424,A20028424W,SHA8283758926,2791270,0789583788,naomi.musyoka31@company.co.ke,ICT,Systems Administrator,Specialist,2017-02-15,70000,2000,72000,2160,13335,56505,Standard Chartered Kenya,2492443168542,59,Active,Ms.
EMP-282,Edwin Abdi Mbugua,Edwin,Abdi,Mbugua,Male,1989-11-28,10550906,A10550906L,SHA5454064409,1940437,0782016051,edwin.mbugua20@company.co.ke,Legal,Head of Legal,Senior Leader,2022-06-26,204000,33000,237000,2160,62835,172005,KCB Bank,3080505814240,47,Active,Mr.
EMP-283,Samuel Otieno Kyalo,Samuel,Otieno,Kyalo,Male,1989-10-06,10639648,A10639648A,SHA1196716790,3190059,0789328380,samuel.kyalo9@company.co.ke,Human Resources,HR Specialist,Mid-level,2023-11-25,83000,2000,85000,2160,17235,65605,Co-operative Bank,1878890588653,39,Active,Mr.
EMP-284,David Abdi Muriuki,David,Abdi,Muriuki,Male,1999-01-19,36992981,A36992981Z,SHA6165304376,6659678,0733279749,david.muriuki43@company.co.ke,Procurement,Procurement Officer,Junior,2018-08-10,53000,1000,54000,2160,7935,43905,I&M Bank,3123106422713,57,Active,Mr.
EMP-285,Winnie Wekesa Mutua,Winnie,Wekesa,Mutua,Female,1977-12-21,18175356,A18175356W,SHA1174800445,2677182,0789689161,winnie.mutua37@company.co.ke,Customer Service,Customer Rep,Junior,2015-01-30,50000,0,50000,2160,6735,41105,Stanbic Bank Kenya,1275555453774,58,Active,Mrs.
EMP-286,Rehema Kiprotich Gichuru,Rehema,Kiprotich,Gichuru,Female,1978-09-04,23825477,A23825477Y,SHA3970715367,4019906,0793070162,rehema.gichuru47@company.co.ke,Operations,Logistics Coordinator,Mid-level,2017-08-23,68000,0,68000,2160,12135,53705,Family Bank,7117327072640,57,Active,Ms.
EMP-287,Isaac Ndungu Kinuthia,Isaac,Ndungu,Kinuthia,Male,1983-06-20,36729895,A36729895F,SHA9209762858,9346913,0770820445,isaac.kinuthia6@company.co.ke,Engineering,Software Engineer,Junior,2017-05-08,55000,1000,56000,2160,8535,45305,Co-operative Bank,1949372952524,50,Active,Mr.
EMP-288,Paul Akinyi Ruto,Paul,Akinyi,Ruto,Male,1981-07-08,13894498,A13894498G,SHA7785025154,8030765,0719868991,paul.ruto61@company.co.ke,Engineering,Senior Software Engineer,Mid-level,2023-04-10,62000,0,62000,2160,10335,49505,Standard Chartered Kenya,6734254357235,50,Active,Mr.
EMP-289,Elijah Chebet Gichuru,Elijah,Chebet,Gichuru,Male,1997-10-02,22996648,A22996648Z,SHA2604106208,8679606,0747662052,elijah.gichuru18@company.co.ke,Procurement,Senior Procurement Officer,Mid-level,2016-06-05,63000,1000,64000,2160,10935,50905,NCBA Bank,7307726500568,62,Active,Mr.
EMP-290,Irene Wekesa Mutua,Irene,Wekesa,Mutua,Female,1975-12-14,30254662,A30254662C,SHA4889428336,4853765,0743105363,irene.mutua32@company.co.ke,Sales,Sales Manager,Manager,2020-03-10,127000,7000,134000,2160,31935,99905,I&M Bank,4809617370026,55,Active,Mrs.
EMP-291,John Wanjiku Owino,John,Wanjiku,Owino,Male,1999-01-23,25792481,A25792481S,SHA3165592658,8142021,0764575354,john.owino28@company.co.ke,Engineering,Software Engineer,Junior,2015-12-07,49000,1000,50000,2160,6735,41105,I&M Bank,2725809305066,46,Active,Mr.
EMP-292,Sharon Njoroge Otieno,Sharon,Njoroge,Otieno,Female,1995-02-13,25410974,A25410974Y,SHA7248493644,3325723,0754681905,sharon.otieno68@company.co.ke,Operations,Operations Officer,Junior,2022-02-07,55000,1000,56000,2160,8535,45305,I&M Bank,7519208674507,63,Active,Mrs.
EMP-293,Zawadi Wairimu Muthama,Zawadi,Wairimu,Muthama,Female,1980-11-18,21264044,A21264044B,SHA9825348931,7106747,0718993381,zawadi.muthama72@company.co.ke,Finance,Senior Accountant,Mid-level,2019-02-06,69000,3000,72000,2160,13335,56505,Equity Bank,7431210821288,52,Active,Ms.
EMP-294,James Kimani Njenga,James,Kimani,Njenga,Male,1977-06-12,26055576,A26055576L,SHA4018690355,4782209,0770721529,james.njenga63@company.co.ke,Customer Service,Customer Rep,Junior,2018-02-09,51000,2000,53000,2160,7635,43205,Standard Chartered Kenya,5706845782158,62,Active,Mr.
EMP-295,Emmanuel Mohamed Mwenda,Emmanuel,Mohamed,Mwenda,Male,1978-03-09,25165877,A25165877G,SHA7961932703,2101048,0725035684,emmanuel.mwenda90@company.co.ke,Customer Service,Customer Service Manager,Manager,2018-03-27,115000,12000,127000,2160,29835,95005,Family Bank,2409124261324,61,Active,Mr.
EMP-296,George Ali Kitheka,George,Ali,Kitheka,Male,1991-11-11,32897657,A32897657P,SHA5862020519,6816664,0765256328,george.kitheka75@company.co.ke,Engineering,Software Engineer,Junior,2024-10-10,41000,0,41000,2160,4035,34805,Family Bank,6128283217184,14,Active,Mr.
EMP-297,Tabitha Ali Kiptoo,Tabitha,Ali,Kiptoo,Female,1994-03-23,14427649,A14427649H,SHA2316386025,5362201,0781848989,tabitha.kiptoo37@company.co.ke,Legal,Legal Officer,Junior,2020-02-11,39000,1000,40000,2160,3735,34105,Family Bank,1832560141878,58,Active,Mrs.
EMP-298,John Akinyi Njenga,John,Akinyi,Njenga,Male,1986-03-12,20624200,A20624200J,SHA3467566824,8396883,0770187134,john.njenga70@company.co.ke,Finance,Accountant,Junior,2022-06-19,52000,2000,54000,2160,7935,43905,Standard Chartered Kenya,4608564935448,53,Probation,Mr.
EMP-299,Joy Kamau Odundo,Joy,Kamau,Odundo,Female,1979-11-18,20744730,A20744730L,SHA1670243704,9512910,0725686844,joy.odundo40@company.co.ke,Human Resources,HR Manager,Manager,2020-05-15,134000,2000,136000,2160,32535,101305,Absa Bank Kenya,6959018468358,62,Active,Mrs.
EMP-300,Moses Njenga Kariuki,Moses,Njenga,Kariuki,Male,1990-06-20,31518881,A31518881G,SHA3261016130,5662844,0791212170,moses.kariuki66@company.co.ke,Marketing,Marketing Officer,Junior,2019-06-04,37000,2000,39000,2160,3435,33405,KCB Bank,8837668713826,57,On Leave,Mr.
